creator_id,fortnight,followers,likes,comments,follower_growth,generic_comment_share,audience_city_match,spend_lakh
INF001,1,116172,3014,94,0.0,0.04,0.55,0.0834
INF001,2,116160,4930,200,-0.0001,0.102,0.618,0.091
INF001,3,116711,8886,304,0.0047,0.042,0.598,0.0813
INF001,4,117341,5304,303,0.0054,0.072,0.57,0.0951
INF001,5,118204,6826,228,0.0074,0.089,0.515,0.1177
INF001,6,119135,6666,360,0.0079,0.112,0.554,0.1436
INF001,7,119543,4821,182,0.0034,0.094,0.54,0.1106
INF001,8,120234,4642,273,0.0058,0.059,0.575,0.1093
INF001,9,121074,6060,309,0.007,0.074,0.536,0.1082
INF001,10,121807,7655,316,0.0061,0.027,0.588,0.1229
INF001,11,122321,8669,524,0.0042,0.085,0.637,0.1093
INF001,12,122564,5443,224,0.002,0.097,0.552,0.0868
INF001,13,123153,7793,415,0.0048,0.033,0.567,0.1059
INF001,14,123622,6279,324,0.0038,0.067,0.523,0.1151
INF001,15,124455,9132,357,0.0067,0.116,0.632,0.1039
INF001,16,125300,6964,217,0.0068,0.114,0.551,0.1084
INF001,17,125574,6965,276,0.0022,0.05,0.587,0.1106
INF001,18,126417,6892,215,0.0067,0.075,0.561,0.0956
INF001,19,127615,6650,305,0.0095,0.021,0.574,0.1212
INF001,20,128625,9343,455,0.0079,0.02,0.561,0.0879
INF001,21,129137,8496,298,0.004,0.071,0.536,0.143
INF001,22,129846,6155,215,0.0055,0.062,0.583,0.096
INF001,23,130368,6315,307,0.004,0.09,0.546,0.0998
INF001,24,130672,5992,345,0.0023,0.058,0.562,0.1309
INF001,25,131034,5427,297,0.0028,0.054,0.524,0.0994
INF001,26,131964,9552,501,0.0071,0.019,0.54,0.1226
INF002,1,177797,5382,215,0.0,0.2,0.524,0.1277
INF002,2,178777,4064,166,0.0055,0.209,0.54,0.14
INF002,3,179951,3507,273,0.0066,0.182,0.508,0.1254
INF002,4,181624,4115,192,0.0093,0.203,0.538,0.1473
INF002,5,182760,5782,145,0.0063,0.121,0.565,0.182
INF002,6,183706,4177,223,0.0052,0.201,0.582,0.2214
INF002,7,185494,4306,238,0.0097,0.178,0.549,0.1716
INF002,8,186405,3949,225,0.0049,0.15,0.56,0.1694
INF002,9,187305,5142,292,0.0048,0.175,0.522,0.1674
INF002,10,188256,4416,293,0.0051,0.183,0.512,0.1899
INF002,11,189080,6001,375,0.0044,0.192,0.538,0.1689
INF002,12,190420,4117,284,0.0071,0.201,0.575,0.1348
INF002,13,191487,5037,306,0.0056,0.168,0.521,0.1646
INF002,14,192132,5221,273,0.0034,0.141,0.459,0.1788
INF002,15,193465,3974,211,0.0069,0.194,0.546,0.1615
INF002,16,193804,6360,220,0.0018,0.129,0.521,0.1677
INF002,17,195427,4052,336,0.0084,0.189,0.508,0.1722
INF002,18,197175,6543,195,0.0089,0.183,0.509,0.1491
INF002,19,198363,3485,232,0.006,0.179,0.508,0.1884
INF002,20,200354,6609,466,0.01,0.141,0.519,0.1369
INF002,21,201537,6690,314,0.0059,0.155,0.559,0.2231
INF002,22,202257,5367,187,0.0036,0.172,0.496,0.1496
INF002,23,203906,5961,276,0.0082,0.188,0.549,0.1561
INF002,24,205391,6950,295,0.0073,0.126,0.56,0.2057
INF002,25,206775,4130,302,0.0067,0.162,0.502,0.1568
INF002,26,207516,3647,116,0.0036,0.168,0.526,0.1928
INF003,1,52627,3515,140,0.0,0.152,0.627,0.0378
INF003,2,53037,3556,96,0.0078,0.172,0.556,0.0415
INF003,3,53277,2762,85,0.0045,0.226,0.553,0.0371
INF003,4,53623,2557,79,0.0065,0.252,0.565,0.0435
INF003,5,53951,3309,147,0.0061,0.213,0.66,0.0537
INF003,6,54111,3408,64,0.003,0.186,0.642,0.0652
INF003,7,54375,3563,123,0.0049,0.158,0.608,0.0503
INF003,8,55147,3197,81,0.0142,0.154,0.657,0.0501
INF003,9,55465,5253,250,0.0058,0.17,0.585,0.0496
INF003,10,55755,2425,71,0.0052,0.232,0.626,0.0562
INF003,11,55923,2791,43,0.003,0.235,0.648,0.05
INF003,12,56046,3902,98,0.0022,0.176,0.601,0.0397
INF003,13,56599,3859,81,0.0099,0.17,0.634,0.0486
INF003,14,57144,3710,85,0.0096,0.151,0.644,0.0532
INF003,15,57302,3411,139,0.0028,0.188,0.589,0.0478
INF003,16,57887,3893,89,0.0102,0.218,0.608,0.0501
INF003,17,58022,4198,129,0.0023,0.169,0.6,0.0511
INF003,18,58473,3123,58,0.0078,0.262,0.611,0.0442
INF003,19,58788,3637,140,0.0054,0.19,0.644,0.0558
INF003,20,59862,2918,82,0.0183,0.264,0.608,0.0409
INF003,21,60441,4664,150,0.0097,0.156,0.629,0.0669
INF003,22,60853,6215,194,0.0068,0.246,0.566,0.045
INF003,23,61131,5205,279,0.0046,0.207,0.583,0.0468
INF003,24,61247,4775,125,0.0019,0.171,0.625,0.0614
INF003,25,61769,4663,131,0.0085,0.268,0.655,0.0468
INF003,26,62343,4088,143,0.0093,0.142,0.633,0.0579
INF004,1,118152,5991,186,0.0,0.051,0.504,0.0849
INF004,2,118237,5294,115,0.0007,0.076,0.513,0.0926
INF004,3,119066,8230,199,0.007,0.002,0.575,0.083
INF004,4,119906,4239,118,0.0071,0.088,0.546,0.0972
INF004,5,120485,4990,131,0.0048,0.093,0.511,0.12
INF004,6,121228,6695,189,0.0062,0.052,0.542,0.1461
INF004,7,122094,5424,248,0.0071,0.097,0.47,0.1129
INF004,8,122897,6616,202,0.0066,0.074,0.549,0.1117
INF004,9,123359,7618,253,0.0038,0.075,0.554,0.1102
INF004,10,124455,4452,100,0.0089,0.168,0.467,0.1256
INF004,11,125169,7412,223,0.0057,0.057,0.518,0.1118
INF004,12,125727,5071,101,0.0045,0.161,0.545,0.089
INF004,13,126595,5713,110,0.0069,0.087,0.542,0.1088
INF004,14,127406,7291,179,0.0064,0.098,0.535,0.1186
INF004,15,128192,3861,158,0.0062,0.109,0.506,0.107
INF004,16,128503,7105,114,0.0024,0.053,0.475,0.1112
INF004,17,129253,7886,324,0.0058,0.129,0.506,0.1139
INF004,18,130199,7816,352,0.0073,0.086,0.517,0.0984
INF004,19,131007,9300,278,0.0062,0.079,0.51,0.1244
INF004,20,131478,6999,172,0.0036,0.102,0.53,0.0898
INF004,21,132918,8117,323,0.011,0.077,0.477,0.1472
INF004,22,133142,5172,168,0.0017,0.103,0.568,0.0985
INF004,23,133762,6016,171,0.0047,0.092,0.55,0.1024
INF004,24,134889,6951,226,0.0084,0.082,0.524,0.1351
INF004,25,135837,9164,204,0.007,0.075,0.52,0.103
INF004,26,136473,8200,245,0.0047,0.083,0.516,0.1268
INF005,1,23245,1039,78,0.0,0.15,0.532,0.0167
INF005,2,23324,1144,43,0.0034,0.13,0.587,0.0183
INF005,3,23433,1090,51,0.0047,0.15,0.583,0.0163
INF005,4,23540,878,26,0.0046,0.162,0.573,0.0191
INF005,5,23555,785,43,0.0007,0.091,0.616,0.0235
INF005,6,23720,962,51,0.007,0.175,0.592,0.0286
INF005,7,23776,782,33,0.0024,0.155,0.574,0.022
INF005,8,23966,885,31,0.008,0.122,0.622,0.0218
INF005,9,24142,532,13,0.0074,0.093,0.58,0.0216
INF005,10,24124,741,26,-0.0008,0.176,0.592,0.0243
INF005,11,24258,1112,42,0.0056,0.108,0.623,0.0217
INF005,12,24487,652,50,0.0095,0.126,0.558,0.0173
INF005,13,24659,782,32,0.007,0.128,0.538,0.0212
INF005,14,24813,1199,48,0.0063,0.135,0.509,0.0231
INF005,15,25071,1156,69,0.0104,0.112,0.574,0.0209
INF005,16,25274,678,30,0.0081,0.157,0.565,0.0219
INF005,17,25482,863,64,0.0082,0.108,0.607,0.0224
INF005,18,25746,977,47,0.0104,0.125,0.57,0.0195
INF005,19,25884,926,35,0.0054,0.104,0.52,0.0246
INF005,20,26123,831,32,0.0092,0.104,0.551,0.0178
INF005,21,26211,1029,52,0.0034,0.178,0.591,0.029
INF005,22,26514,1076,58,0.0115,0.163,0.632,0.0196
INF005,23,26534,1058,39,0.0007,0.112,0.582,0.0203
INF005,24,26697,1011,87,0.0062,0.118,0.574,0.0267
INF005,25,26893,837,33,0.0073,0.15,0.542,0.0204
INF005,26,27064,1257,100,0.0064,0.129,0.578,0.0251
INF006,1,29511,1484,45,0.0,0.093,0.813,0.0212
INF006,2,29678,691,39,0.0057,0.074,0.743,0.0232
INF006,3,29747,1379,58,0.0023,0.118,0.782,0.0207
INF006,4,29996,1499,71,0.0084,0.126,0.757,0.0243
INF006,5,30178,1210,46,0.0061,0.091,0.773,0.0301
INF006,6,30252,1167,47,0.0024,0.113,0.741,0.0365
INF006,7,30495,919,62,0.008,0.091,0.709,0.0282
INF006,8,30571,933,36,0.0025,0.058,0.731,0.0278
INF006,9,30765,1700,63,0.0063,0.103,0.776,0.0275
INF006,10,30820,1070,38,0.0018,0.06,0.697,0.0311
INF006,11,30908,993,36,0.0029,0.121,0.779,0.0276
INF006,12,31189,1013,45,0.0091,0.132,0.703,0.0221
INF006,13,31512,1127,43,0.0104,0.106,0.786,0.0271
INF006,14,31578,1071,77,0.0021,0.102,0.769,0.0294
INF006,15,31692,1115,39,0.0036,0.087,0.75,0.0265
INF006,16,31850,850,32,0.005,0.133,0.748,0.0276
INF006,17,32068,1475,81,0.0068,0.133,0.805,0.0283
INF006,18,32211,1181,52,0.0045,0.112,0.734,0.0244
INF006,19,32423,980,51,0.0066,0.131,0.776,0.0308
INF006,20,32754,1614,85,0.0102,0.074,0.796,0.0224
INF006,21,32848,694,25,0.0029,0.124,0.71,0.0364
INF006,22,33031,1084,57,0.0056,0.138,0.744,0.0244
INF006,23,33230,1129,34,0.006,0.144,0.77,0.0254
INF006,24,33440,1563,46,0.0063,0.168,0.783,0.0335
INF006,25,33782,1619,81,0.0102,0.098,0.774,0.0256
INF006,26,33921,1183,58,0.0041,0.125,0.714,0.0315
INF007,1,33135,1145,58,0.0,0.065,0.67,0.0238
INF007,2,33258,928,30,0.0037,0.043,0.685,0.0261
INF007,3,33369,1738,81,0.0033,0.034,0.642,0.0233
INF007,4,33756,603,36,0.0116,0.06,0.773,0.0274
INF007,5,33892,1177,57,0.004,0.064,0.691,0.0338
INF007,6,34147,1567,67,0.0075,0.086,0.722,0.0412
INF007,7,34362,1033,45,0.0063,0.068,0.688,0.0318
INF007,8,34554,1334,59,0.0056,0.088,0.66,0.0314
INF007,9,34679,1906,91,0.0036,0.063,0.722,0.031
INF007,10,34972,1459,76,0.0084,0.027,0.682,0.0353
INF007,11,35219,1288,70,0.0071,0.089,0.674,0.0315
INF007,12,35579,1311,72,0.0102,0.046,0.705,0.0252
INF007,13,35802,1195,39,0.0063,0.039,0.718,0.0308
INF007,14,36109,869,45,0.0086,0.054,0.718,0.0336
INF007,15,36435,1005,47,0.009,0.03,0.639,0.0304
INF007,16,36658,1492,61,0.0061,0.067,0.663,0.0317
INF007,17,36844,1178,50,0.0051,0.061,0.711,0.0325
INF007,18,37104,1491,69,0.007,0.094,0.715,0.0281
INF007,19,37339,1281,43,0.0063,0.069,0.691,0.0355
INF007,20,37654,1536,43,0.0084,0.024,0.675,0.0257
INF007,21,37928,1354,55,0.0073,0.089,0.676,0.042
INF007,22,38244,1619,89,0.0083,0.011,0.647,0.0283
INF007,23,38454,1416,47,0.0055,0.006,0.681,0.0294
INF007,24,38552,1235,67,0.0025,0.048,0.704,0.0386
INF007,25,38751,1431,56,0.0052,0.082,0.681,0.0294
INF007,26,39052,1177,42,0.0078,0.042,0.647,0.0363
INF008,1,54531,2439,48,0.0,0.124,0.652,0.0392
INF008,2,54782,2386,67,0.0046,0.083,0.698,0.0429
INF008,3,55069,2919,141,0.0052,0.106,0.663,0.0384
INF008,4,54990,4973,217,-0.0014,0.103,0.723,0.0446
INF008,5,55745,2932,161,0.0137,0.16,0.696,0.0555
INF008,6,55783,2822,95,0.0007,0.093,0.727,0.0672
INF008,7,56076,2024,67,0.0052,0.083,0.675,0.0519
INF008,8,56268,3391,83,0.0034,0.055,0.75,0.0511
INF008,9,56475,2259,41,0.0037,0.108,0.716,0.0505
INF008,10,56797,2280,55,0.0057,0.088,0.71,0.0573
INF008,11,56932,3091,106,0.0024,0.106,0.734,0.0509
INF008,12,57131,2736,130,0.0035,0.105,0.638,0.0405
INF008,13,57581,3187,158,0.0079,0.126,0.717,0.0495
INF008,14,58221,2780,78,0.0111,0.053,0.706,0.0542
INF008,15,58268,3403,142,0.0008,0.044,0.646,0.0486
INF008,16,58811,1905,103,0.0093,0.088,0.701,0.0509
INF008,17,58898,3046,81,0.0015,0.106,0.67,0.0519
INF008,18,59081,2348,57,0.0031,0.096,0.671,0.0447
INF008,19,59551,1950,92,0.008,0.068,0.711,0.0566
INF008,20,59725,2504,133,0.0029,0.105,0.688,0.0408
INF008,21,59925,2925,69,0.0033,0.118,0.7,0.0663
INF008,22,60228,3043,81,0.0051,0.055,0.721,0.0445
INF008,23,60723,3512,91,0.0082,0.09,0.718,0.0465
INF008,24,60776,4493,129,0.0009,0.077,0.696,0.0609
INF008,25,61050,3322,98,0.0045,0.073,0.706,0.0463
INF008,26,61152,2865,82,0.0017,0.086,0.696,0.0568
INF009,1,40254,1615,101,0.0,0.101,0.749,0.0289
INF009,2,40437,1712,68,0.0045,0.104,0.769,0.0317
INF009,3,40839,1346,47,0.0099,0.113,0.693,0.0285
INF009,4,41083,1499,66,0.006,0.093,0.739,0.0333
INF009,5,41200,1606,74,0.0028,0.176,0.751,0.041
INF009,6,41515,1695,95,0.0076,0.155,0.786,0.05
INF009,7,41765,1081,41,0.006,0.132,0.73,0.0386
INF009,8,41990,1091,60,0.0054,0.109,0.769,0.0382
INF009,9,42061,1114,54,0.0017,0.126,0.738,0.0376
INF009,10,42558,987,57,0.0118,0.182,0.741,0.0429
INF009,11,42866,1346,56,0.0072,0.138,0.78,0.0383
INF009,12,43048,2033,88,0.0043,0.113,0.787,0.0305
INF009,13,43250,1712,79,0.0047,0.153,0.703,0.0372
INF009,14,43468,1995,116,0.005,0.121,0.762,0.0405
INF009,15,43723,1787,69,0.0059,0.135,0.671,0.0365
INF009,16,43786,1663,82,0.0014,0.17,0.734,0.0379
INF009,17,44062,1186,55,0.0063,0.141,0.74,0.0388
INF009,18,44496,1605,67,0.0098,0.137,0.739,0.0336
INF009,19,44819,1569,62,0.0073,0.111,0.733,0.0426
INF009,20,45233,1412,80,0.0092,0.163,0.758,0.0309
INF009,21,45437,1891,62,0.0045,0.073,0.72,0.0503
INF009,22,45742,1668,68,0.0067,0.119,0.757,0.0338
INF009,23,46229,1814,105,0.0106,0.116,0.771,0.0354
INF009,24,46562,1448,125,0.0072,0.144,0.767,0.0466
INF009,25,46525,752,46,-0.0008,0.191,0.788,0.0353
INF009,26,46600,2017,80,0.0016,0.188,0.774,0.0433
INF010,1,4525,154,5,0.0,0.206,0.55,0.0033
INF010,2,4549,154,9,0.0053,0.192,0.519,0.0036
INF010,3,4580,145,6,0.0069,0.183,0.512,0.0032
INF010,4,4602,167,5,0.0048,0.217,0.503,0.0037
INF010,5,4648,168,9,0.0099,0.149,0.479,0.0046
INF010,6,4687,141,4,0.0083,0.172,0.559,0.0056
INF010,7,4693,132,3,0.0013,0.225,0.572,0.0043
INF010,8,4745,148,6,0.0111,0.159,0.522,0.0043
INF010,9,4766,214,10,0.0044,0.223,0.545,0.0043
INF010,10,4791,214,11,0.0053,0.154,0.528,0.0048
INF010,11,4827,158,3,0.0075,0.214,0.556,0.0043
INF010,12,4850,137,7,0.0047,0.207,0.555,0.0034
INF010,13,4900,217,5,0.0103,0.194,0.505,0.0042
INF010,14,4919,185,6,0.0039,0.256,0.529,0.0046
INF010,15,4954,144,4,0.0073,0.221,0.534,0.0041
INF010,16,4990,162,6,0.0072,0.253,0.476,0.0043
INF010,17,5018,260,13,0.0056,0.206,0.537,0.0044
INF010,18,5050,224,5,0.0064,0.198,0.593,0.0038
INF010,19,5111,233,12,0.0122,0.202,0.524,0.0049
INF010,20,5127,166,9,0.0031,0.199,0.566,0.0035
INF010,21,5161,226,9,0.0065,0.177,0.46,0.0057
INF010,22,5194,243,9,0.0063,0.174,0.542,0.0038
INF010,23,5225,245,8,0.0061,0.2,0.498,0.004
INF010,24,5269,255,6,0.0084,0.196,0.564,0.0053
INF010,25,5289,171,5,0.0038,0.257,0.539,0.004
INF010,26,5325,240,8,0.0069,0.224,0.567,0.0049
INF011,1,55395,1753,71,0.0,0.136,0.651,0.0398
INF011,2,55570,1458,50,0.0032,0.101,0.642,0.0435
INF011,3,55680,1721,41,0.002,0.09,0.637,0.0388
INF011,4,56099,2027,79,0.0075,0.08,0.681,0.0455
INF011,5,56715,1641,38,0.011,0.172,0.701,0.0565
INF011,6,57328,1355,28,0.0108,0.102,0.641,0.0691
INF011,7,57689,2087,39,0.0063,0.094,0.687,0.0534
INF011,8,58039,1553,68,0.0061,0.106,0.638,0.0527
INF011,9,58339,1676,82,0.0052,0.136,0.696,0.0521
INF011,10,58670,1954,58,0.0057,0.123,0.644,0.0592
INF011,11,59177,1681,53,0.0086,0.136,0.662,0.0529
INF011,12,59049,1429,65,-0.0022,0.118,0.66,0.0418
INF011,13,59339,1649,67,0.0049,0.115,0.666,0.051
INF011,14,59751,1521,56,0.0069,0.102,0.615,0.0556
INF011,15,60081,1397,34,0.0055,0.147,0.661,0.0502
INF011,16,60695,1030,29,0.0102,0.129,0.627,0.0525
INF011,17,60967,1460,28,0.0045,0.1,0.675,0.0537
INF011,18,61639,1868,57,0.011,0.158,0.627,0.0466
INF011,19,61708,1796,53,0.0011,0.099,0.668,0.0586
INF011,20,62142,1891,56,0.007,0.112,0.651,0.0425
INF011,21,62280,1713,26,0.0022,0.156,0.692,0.069
INF011,22,62772,1802,74,0.0079,0.131,0.645,0.0464
INF011,23,62979,1587,66,0.0033,0.047,0.699,0.0482
INF011,24,63191,1899,51,0.0034,0.103,0.689,0.0633
INF011,25,63513,2146,40,0.0051,0.151,0.67,0.0482
INF011,26,64090,2122,67,0.0091,0.193,0.689,0.0595
INF012,1,21776,1480,9,0.0,0.128,0.179,0.0156
INF012,2,21851,872,9,0.0034,0.134,0.183,0.0171
INF012,3,21929,1236,13,0.0035,0.159,0.139,0.0153
INF012,4,22019,1467,12,0.0041,0.19,0.169,0.0179
INF012,5,22189,1196,11,0.0077,0.22,0.127,0.0221
INF012,6,22178,878,8,-0.0005,0.157,0.207,0.0267
INF012,7,22277,1407,13,0.0044,0.153,0.164,0.0206
INF012,8,22426,1282,8,0.0067,0.184,0.141,0.0204
INF012,9,22604,1052,10,0.0079,0.189,0.196,0.0202
INF012,10,22780,1088,7,0.0078,0.158,0.124,0.023
INF012,11,22988,1326,12,0.0092,0.215,0.175,0.0205
INF012,12,23098,1951,35,0.0048,0.203,0.174,0.0164
INF012,13,23327,1261,9,0.0099,0.187,0.172,0.0201
INF012,14,23427,1386,12,0.0043,0.151,0.145,0.0218
INF012,15,30920,1701,15,0.3199,0.16,0.234,0.0258
INF012,16,31106,2145,28,0.006,0.195,0.119,0.0269
INF012,17,31229,1656,22,0.0039,0.157,0.17,0.0275
INF012,18,31431,1642,11,0.0065,0.164,0.14,0.0238
INF012,19,38847,1496,17,0.236,0.148,0.129,0.0369
INF012,20,38909,1641,19,0.0016,0.196,0.174,0.0266
INF012,21,39255,2122,10,0.0089,0.172,0.209,0.0435
INF012,22,39511,2332,19,0.0065,0.165,0.194,0.0292
INF012,23,39598,1976,16,0.0022,0.217,0.179,0.0303
INF012,24,39894,2162,38,0.0075,0.114,0.17,0.04
INF012,25,52096,3038,29,0.3058,0.206,0.206,0.0395
INF012,26,52531,2448,18,0.0084,0.212,0.146,0.0488
INF013,1,97359,3385,134,0.0,0.153,0.547,0.0699
INF013,2,97875,7677,453,0.0053,0.151,0.526,0.0767
INF013,3,98317,3029,167,0.0045,0.176,0.486,0.0685
INF013,4,98395,4968,250,0.0008,0.178,0.527,0.0798
INF013,5,99031,4273,184,0.0065,0.173,0.504,0.0986
INF013,6,99896,3938,230,0.0087,0.138,0.583,0.1204
INF013,7,99988,6650,267,0.0009,0.095,0.528,0.0925
INF013,8,101095,6092,223,0.0111,0.175,0.588,0.0919
INF013,9,101707,4250,199,0.0061,0.181,0.6,0.0909
INF013,10,102643,5481,389,0.0092,0.148,0.476,0.1035
INF013,11,103032,3308,209,0.0038,0.136,0.481,0.092
INF013,12,103267,3076,169,0.0023,0.165,0.55,0.0731
INF013,13,103417,5621,226,0.0015,0.163,0.586,0.0889
INF013,14,104047,3598,249,0.0061,0.181,0.558,0.0968
INF013,15,104617,4881,178,0.0055,0.136,0.519,0.0873
INF013,16,104949,6849,482,0.0032,0.199,0.503,0.0908
INF013,17,105667,5182,277,0.0068,0.152,0.525,0.0931
INF013,18,105982,3845,186,0.003,0.188,0.476,0.0801
INF013,19,106549,4700,215,0.0053,0.207,0.555,0.1012
INF013,20,107481,2641,141,0.0087,0.091,0.529,0.0734
INF013,21,108059,7372,360,0.0054,0.168,0.504,0.1196
INF013,22,108766,5502,360,0.0065,0.138,0.528,0.0804
INF013,23,109900,4235,235,0.0104,0.114,0.52,0.0841
INF013,24,111089,5091,265,0.0108,0.135,0.509,0.1113
INF013,25,111762,5301,279,0.0061,0.247,0.506,0.0848
INF013,26,112740,5529,470,0.0088,0.155,0.54,0.1047
INF014,1,93501,5332,139,0.0,0.005,0.551,0.0672
INF014,2,94079,5232,132,0.0062,0.036,0.535,0.0737
INF014,3,94404,7862,293,0.0035,0.043,0.55,0.0658
INF014,4,94792,5641,156,0.0041,0.044,0.499,0.0769
INF014,5,95470,9665,515,0.0072,0.027,0.486,0.0951
INF014,6,96344,5358,223,0.0092,0.059,0.48,0.1161
INF014,7,96884,3386,102,0.0056,0.08,0.549,0.0896
INF014,8,97315,5060,147,0.0045,0.024,0.582,0.0884
INF014,9,97445,4537,213,0.0013,0.04,0.522,0.0871
INF014,10,98093,4490,195,0.0066,0.077,0.598,0.099
INF014,11,98320,3224,131,0.0023,0.074,0.522,0.0878
INF014,12,99012,6931,152,0.007,0.041,0.527,0.0701
INF014,13,99675,6160,204,0.0067,0.077,0.524,0.0857
INF014,14,99930,8710,331,0.0026,0.123,0.531,0.093
INF014,15,100409,5261,193,0.0048,0.05,0.51,0.0838
INF014,16,101039,7490,268,0.0063,0.048,0.561,0.0874
INF014,17,101976,7190,279,0.0093,0.019,0.563,0.0898
INF014,18,102079,3603,128,0.001,0.095,0.58,0.0772
INF014,19,102749,6840,236,0.0066,0.023,0.583,0.0976
INF014,20,103197,8710,238,0.0044,0.018,0.546,0.0705
INF014,21,104056,9882,215,0.0083,0.088,0.569,0.1152
INF014,22,104430,4000,204,0.0036,0.021,0.579,0.0772
INF014,23,104687,6609,335,0.0025,0.057,0.538,0.0801
INF014,24,104948,9632,308,0.0025,0.043,0.632,0.1051
INF014,25,105523,5604,210,0.0055,0.064,0.505,0.08
INF014,26,106575,3513,182,0.01,0.0,0.557,0.099
INF015,1,72619,5225,126,0.0,0.137,0.596,0.0522
INF015,2,73030,3309,35,0.0057,0.188,0.56,0.0572
INF015,3,73580,3265,76,0.0075,0.161,0.586,0.0513
INF015,4,74103,4478,102,0.0071,0.15,0.66,0.0601
INF015,5,74524,5595,131,0.0057,0.215,0.629,0.0742
INF015,6,74837,4126,114,0.0042,0.168,0.602,0.0902
INF015,7,75434,4365,97,0.008,0.187,0.566,0.0698
INF015,8,75954,3381,78,0.0069,0.141,0.622,0.069
INF015,9,76628,3569,96,0.0089,0.144,0.62,0.0685
INF015,10,77402,3196,130,0.0101,0.18,0.574,0.0781
INF015,11,78156,2305,35,0.0097,0.189,0.608,0.0698
INF015,12,78736,2989,61,0.0074,0.171,0.617,0.0557
INF015,13,79120,2264,39,0.0049,0.156,0.621,0.068
INF015,14,79931,4867,69,0.0102,0.201,0.583,0.0744
INF015,15,80500,3967,105,0.0071,0.175,0.622,0.0672
INF015,16,81266,3511,90,0.0095,0.145,0.611,0.0703
INF015,17,81404,3808,72,0.0017,0.146,0.615,0.0717
INF015,18,81742,6145,178,0.0042,0.129,0.625,0.0618
INF015,19,82157,3191,81,0.0051,0.168,0.624,0.078
INF015,20,82634,3236,91,0.0058,0.17,0.591,0.0565
INF015,21,83009,2749,81,0.0045,0.17,0.588,0.0919
INF015,22,84219,2693,59,0.0146,0.19,0.618,0.0623
INF015,23,84746,3719,83,0.0062,0.167,0.58,0.0649
INF015,24,85039,3825,79,0.0035,0.155,0.594,0.0852
INF015,25,85345,2960,77,0.0036,0.154,0.601,0.0647
INF015,26,85423,3170,114,0.0009,0.154,0.574,0.0794
INF016,1,42266,2246,60,0.0,0.162,0.718,0.0304
INF016,2,42489,2463,116,0.0053,0.175,0.765,0.0333
INF016,3,42847,1702,96,0.0084,0.208,0.72,0.0299
INF016,4,43201,1883,86,0.0083,0.155,0.762,0.035
INF016,5,43443,2747,110,0.0056,0.196,0.714,0.0433
INF016,6,43683,2556,94,0.0055,0.187,0.691,0.0527
INF016,7,43905,1338,57,0.0051,0.202,0.737,0.0406
INF016,8,44085,2238,164,0.0041,0.121,0.759,0.0401
INF016,9,44428,2885,102,0.0078,0.136,0.711,0.0397
INF016,10,44690,1454,62,0.0059,0.229,0.71,0.0451
INF016,11,44900,1811,93,0.0047,0.22,0.747,0.0401
INF016,12,45289,1410,58,0.0087,0.157,0.715,0.0321
INF016,13,45549,1630,73,0.0057,0.158,0.728,0.0392
INF016,14,45825,1607,78,0.0061,0.231,0.673,0.0427
INF016,15,45854,1929,87,0.0006,0.156,0.775,0.0383
INF016,16,46187,2560,153,0.0073,0.204,0.775,0.04
INF016,17,46231,3107,98,0.0009,0.198,0.725,0.0407
INF016,18,46612,1916,69,0.0083,0.197,0.749,0.0352
INF016,19,46966,1529,54,0.0076,0.163,0.71,0.0446
INF016,20,47237,2243,94,0.0058,0.171,0.75,0.0323
INF016,21,47367,1833,56,0.0028,0.213,0.737,0.0524
INF016,22,47586,1695,81,0.0046,0.247,0.721,0.0352
INF016,23,47879,2396,72,0.0062,0.24,0.698,0.0367
INF016,24,48329,1601,74,0.0094,0.244,0.752,0.0484
INF016,25,48514,1749,76,0.0038,0.241,0.712,0.0368
INF016,26,48659,1716,101,0.003,0.206,0.74,0.0452
INF017,1,77679,1880,62,0.0,0.187,0.719,0.0558
INF017,2,77777,2308,94,0.0013,0.154,0.73,0.0609
INF017,3,78522,1588,68,0.0096,0.173,0.742,0.0547
INF017,4,79188,2200,95,0.0085,0.199,0.703,0.0642
INF017,5,79395,2146,98,0.0026,0.244,0.718,0.0791
INF017,6,79749,2612,89,0.0045,0.162,0.705,0.0961
INF017,7,80292,1826,60,0.0068,0.219,0.783,0.0743
INF017,8,81360,2345,87,0.0133,0.21,0.74,0.0739
INF017,9,81225,2387,80,-0.0017,0.226,0.711,0.0726
INF017,10,81367,2302,73,0.0018,0.148,0.696,0.0821
INF017,11,81989,1852,52,0.0076,0.237,0.762,0.0732
INF017,12,82595,1815,50,0.0074,0.174,0.784,0.0585
INF017,13,82849,1429,62,0.0031,0.178,0.707,0.0712
INF017,14,83617,2154,160,0.0093,0.222,0.718,0.0778
INF017,15,83737,2024,127,0.0014,0.236,0.712,0.0699
INF017,16,84191,1870,86,0.0054,0.212,0.7,0.0729
INF017,17,84361,2463,111,0.002,0.181,0.71,0.0743
INF017,18,85015,1548,105,0.0077,0.171,0.711,0.0643
INF017,19,85222,2648,117,0.0024,0.167,0.697,0.0809
INF017,20,85654,2714,95,0.0051,0.218,0.718,0.0585
INF017,21,85867,1746,68,0.0025,0.184,0.731,0.0951
INF017,22,86458,2042,66,0.0069,0.202,0.685,0.0639
INF017,23,86975,2346,93,0.006,0.17,0.703,0.0666
INF017,24,87234,1891,40,0.003,0.216,0.765,0.0874
INF017,25,88478,3340,175,0.0143,0.202,0.715,0.0671
INF017,26,89025,1859,99,0.0062,0.162,0.703,0.0827
INF018,1,21906,1126,30,0.0,0.101,0.579,0.0157
INF018,2,22106,1301,49,0.0091,0.168,0.6,0.0173
INF018,3,22198,713,17,0.0042,0.133,0.609,0.0155
INF018,4,22383,1457,48,0.0083,0.212,0.551,0.0181
INF018,5,22670,1065,36,0.0128,0.179,0.577,0.0226
INF018,6,22829,1187,26,0.007,0.154,0.598,0.0275
INF018,7,22940,1080,45,0.0049,0.152,0.567,0.0212
INF018,8,23088,1888,53,0.0064,0.157,0.539,0.021
INF018,9,23212,1087,24,0.0054,0.118,0.572,0.0207
INF018,10,23367,969,32,0.0066,0.161,0.577,0.0236
INF018,11,23621,1429,40,0.0109,0.085,0.58,0.0211
INF018,12,23760,913,34,0.0059,0.2,0.588,0.0168
INF018,13,23992,1826,69,0.0098,0.194,0.548,0.0206
INF018,14,24120,884,25,0.0053,0.191,0.581,0.0225
INF018,15,24179,2050,73,0.0025,0.162,0.597,0.0202
INF018,16,24318,1831,46,0.0058,0.134,0.591,0.021
INF018,17,24506,1120,34,0.0077,0.154,0.583,0.0216
INF018,18,24578,1278,25,0.0029,0.163,0.519,0.0186
INF018,19,24621,1307,30,0.0017,0.206,0.525,0.0234
INF018,20,24804,1762,57,0.0075,0.204,0.581,0.0169
INF018,21,24918,1451,61,0.0046,0.214,0.584,0.0276
INF018,22,25190,1010,27,0.0109,0.193,0.606,0.0186
INF018,23,25398,1487,43,0.0083,0.137,0.621,0.0194
INF018,24,25725,1780,37,0.0129,0.157,0.543,0.0258
INF018,25,26028,1483,51,0.0118,0.175,0.611,0.0197
INF018,26,26210,1505,61,0.007,0.236,0.543,0.0243
INF019,1,39260,1906,71,0.0,0.149,0.715,0.0282
INF019,2,39439,3083,115,0.0046,0.13,0.77,0.0309
INF019,3,39685,2034,50,0.0062,0.143,0.726,0.0277
INF019,4,39665,1744,42,-0.0005,0.094,0.716,0.0322
INF019,5,39843,3417,52,0.0045,0.131,0.765,0.0397
INF019,6,40054,2299,44,0.0053,0.134,0.73,0.0483
INF019,7,40198,2526,71,0.0036,0.108,0.742,0.0372
INF019,8,40325,2133,64,0.0032,0.064,0.765,0.0366
INF019,9,40298,2772,96,-0.0007,0.155,0.771,0.036
INF019,10,40625,1740,42,0.0081,0.153,0.804,0.041
INF019,11,40945,1094,41,0.0079,0.123,0.782,0.0366
INF019,12,41076,3015,67,0.0032,0.106,0.745,0.0291
INF019,13,41501,2129,59,0.0104,0.085,0.757,0.0357
INF019,14,41800,2063,45,0.0072,0.144,0.717,0.0389
INF019,15,42329,1790,60,0.0126,0.128,0.74,0.0353
INF019,16,42428,2157,45,0.0023,0.144,0.688,0.0367
INF019,17,42804,2690,44,0.0089,0.113,0.757,0.0377
INF019,18,43016,2554,63,0.005,0.122,0.742,0.0325
INF019,19,43338,2306,78,0.0075,0.13,0.71,0.0412
INF019,20,43372,2804,111,0.0008,0.141,0.735,0.0296
INF019,21,43730,3172,69,0.0083,0.089,0.674,0.0484
INF019,22,43822,2713,66,0.0021,0.124,0.721,0.0324
INF019,23,44059,2214,58,0.0054,0.138,0.779,0.0337
INF019,24,44329,1670,52,0.0061,0.131,0.769,0.0444
INF019,25,44651,2959,77,0.0073,0.177,0.724,0.0339
INF019,26,45195,2601,64,0.0122,0.123,0.741,0.042
INF020,1,9526,416,15,0.0,0.122,0.634,0.0068
INF020,2,9611,646,37,0.0089,0.119,0.619,0.0075
INF020,3,9685,722,18,0.0077,0.147,0.663,0.0068
INF020,4,9745,595,17,0.0062,0.147,0.614,0.0079
INF020,5,9798,500,23,0.0055,0.127,0.629,0.0098
INF020,6,9882,617,23,0.0085,0.18,0.592,0.0119
INF020,7,9938,599,21,0.0057,0.16,0.654,0.0092
INF020,8,9974,539,22,0.0036,0.238,0.657,0.0091
INF020,9,10007,680,20,0.0033,0.173,0.627,0.0089
INF020,10,10050,633,18,0.0043,0.121,0.6,0.0101
INF020,11,10102,434,13,0.0051,0.142,0.669,0.009
INF020,12,10212,615,39,0.011,0.209,0.668,0.0072
INF020,13,10269,407,16,0.0056,0.2,0.619,0.0088
INF020,14,10328,665,24,0.0057,0.153,0.635,0.0096
INF020,15,10409,353,6,0.0078,0.18,0.634,0.0087
INF020,16,10516,604,20,0.0103,0.15,0.607,0.0091
INF020,17,10574,584,21,0.0055,0.205,0.613,0.0093
INF020,18,10640,639,26,0.0062,0.125,0.628,0.008
INF020,19,10690,576,22,0.0047,0.137,0.629,0.0102
INF020,20,10747,638,17,0.0053,0.163,0.604,0.0073
INF020,21,10782,533,14,0.0033,0.15,0.644,0.0119
INF020,22,10848,504,15,0.0061,0.159,0.623,0.008
INF020,23,10975,605,17,0.0118,0.143,0.674,0.0084
INF020,24,11099,439,22,0.0112,0.148,0.596,0.0111
INF020,25,11139,413,19,0.0036,0.172,0.587,0.0084
INF020,26,11222,526,24,0.0074,0.157,0.654,0.0104
INF021,1,8199,335,13,0.0,0.132,0.546,0.0059
INF021,2,8269,450,19,0.0086,0.144,0.589,0.0065
INF021,3,8347,236,9,0.0094,0.099,0.52,0.0058
INF021,4,8373,501,23,0.0031,0.068,0.578,0.0068
INF021,5,8414,385,16,0.0048,0.081,0.617,0.0084
INF021,6,8434,562,30,0.0025,0.161,0.52,0.0102
INF021,7,8509,273,9,0.0088,0.074,0.575,0.0079
INF021,8,8597,535,16,0.0103,0.111,0.612,0.0078
INF021,9,8658,266,15,0.0071,0.142,0.454,0.0077
INF021,10,8682,376,12,0.0028,0.148,0.555,0.0088
INF021,11,8718,468,26,0.0041,0.093,0.516,0.0078
INF021,12,8796,348,15,0.009,0.143,0.606,0.0062
INF021,13,8843,382,13,0.0054,0.095,0.585,0.0076
INF021,14,8882,498,19,0.0044,0.093,0.517,0.0083
INF021,15,8900,295,12,0.002,0.118,0.517,0.0074
INF021,16,8928,719,29,0.0032,0.133,0.564,0.0077
INF021,17,8933,297,10,0.0005,0.098,0.556,0.0079
INF021,18,8945,368,20,0.0013,0.138,0.597,0.0068
INF021,19,8960,339,12,0.0017,0.127,0.574,0.0085
INF021,20,8991,329,13,0.0035,0.179,0.534,0.0061
INF021,21,9037,414,22,0.0051,0.11,0.509,0.01
INF021,22,9117,334,21,0.0089,0.087,0.591,0.0067
INF021,23,9184,631,21,0.0073,0.077,0.604,0.007
INF021,24,9234,365,20,0.0054,0.144,0.524,0.0093
INF021,25,9284,345,14,0.0054,0.099,0.527,0.007
INF021,26,9378,415,17,0.0101,0.083,0.591,0.0087
INF022,1,11410,587,24,0.0,0.069,0.621,0.0082
INF022,2,11507,424,21,0.0084,0.15,0.666,0.009
INF022,3,11637,619,40,0.0114,0.093,0.611,0.0081
INF022,4,11677,526,24,0.0034,0.046,0.608,0.0095
INF022,5,11779,476,19,0.0087,0.107,0.627,0.0117
INF022,6,11943,515,21,0.0139,0.069,0.622,0.0144
INF022,7,12021,712,32,0.0065,0.084,0.658,0.0111
INF022,8,12127,619,32,0.0088,0.099,0.648,0.011
INF022,9,12188,517,43,0.0051,0.071,0.632,0.0109
INF022,10,12302,935,54,0.0093,0.073,0.631,0.0124
INF022,11,12393,918,42,0.0074,0.062,0.578,0.0111
INF022,12,12469,477,19,0.0062,0.064,0.535,0.0088
INF022,13,12558,600,25,0.0071,0.07,0.568,0.0108
INF022,14,12678,496,22,0.0095,0.074,0.649,0.0118
INF022,15,12707,556,40,0.0023,0.081,0.605,0.0106
INF022,16,12726,609,23,0.0015,0.11,0.608,0.011
INF022,17,12758,516,24,0.0025,0.06,0.611,0.0112
INF022,18,12837,577,28,0.0061,0.086,0.608,0.0097
INF022,19,12887,856,35,0.0039,0.083,0.612,0.0122
INF022,20,12952,689,24,0.0051,0.043,0.606,0.0088
INF022,21,13039,600,30,0.0067,0.067,0.592,0.0144
INF022,22,13126,415,21,0.0067,0.073,0.647,0.0097
INF022,23,13124,447,24,-0.0002,0.12,0.625,0.01
INF022,24,13175,783,33,0.0039,0.111,0.578,0.0132
INF022,25,13249,791,48,0.0056,0.118,0.64,0.01
INF022,26,13293,592,33,0.0034,0.008,0.626,0.0123
INF023,1,221797,16229,39,0.0,0.187,0.743,0.1593
INF023,2,222409,23089,48,0.0028,0.214,0.758,0.1742
INF023,3,224404,35069,67,0.009,0.165,0.764,0.1564
INF023,4,225798,45165,179,0.0062,0.174,0.816,0.1831
INF023,5,226859,24651,35,0.0047,0.176,0.774,0.2259
INF023,6,228701,31984,53,0.0081,0.241,0.801,0.2757
INF023,7,230525,20723,32,0.008,0.173,0.758,0.2132
INF023,8,232590,30090,51,0.009,0.188,0.765,0.2114
INF023,9,234365,33894,75,0.0076,0.122,0.81,0.2095
INF023,10,236343,44617,130,0.0084,0.149,0.754,0.2384
INF023,11,238435,27461,39,0.0089,0.212,0.748,0.213
INF023,12,239214,17069,42,0.0033,0.165,0.698,0.1694
INF023,13,240709,24669,66,0.0062,0.162,0.757,0.2069
INF023,14,241984,27207,90,0.0053,0.173,0.755,0.2252
INF023,15,351646,35031,81,0.4532,0.152,0.764,0.2935
INF023,16,352397,47234,73,0.0021,0.173,0.779,0.305
INF023,17,355233,38122,69,0.008,0.152,0.771,0.3129
INF023,18,358020,38840,93,0.0078,0.128,0.778,0.2707
INF023,19,526415,28448,51,0.4704,0.228,0.741,0.4999
INF023,20,527388,43269,98,0.0018,0.194,0.791,0.3603
INF023,21,531085,74301,112,0.007,0.094,0.835,0.588
INF023,22,533158,69524,119,0.0039,0.18,0.797,0.3943
INF023,23,537093,52470,131,0.0074,0.193,0.757,0.4112
INF023,24,541039,65723,103,0.0073,0.182,0.721,0.5419
INF023,25,543209,66229,151,0.004,0.17,0.748,0.412
INF023,26,546561,65253,167,0.0062,0.173,0.818,0.5078
INF024,1,20401,815,25,0.0,0.138,0.739,0.0147
INF024,2,20596,1532,56,0.0096,0.132,0.801,0.0161
INF024,3,20787,1193,32,0.0093,0.128,0.724,0.0145
INF024,4,20937,1003,32,0.0072,0.037,0.714,0.017
INF024,5,21108,1099,25,0.0082,0.065,0.788,0.021
INF024,6,21362,1160,35,0.012,0.037,0.768,0.0257
INF024,7,21465,1176,32,0.0048,0.056,0.766,0.0199
INF024,8,21604,958,27,0.0065,0.146,0.783,0.0196
INF024,9,21766,1002,16,0.0075,0.116,0.797,0.0195
INF024,10,21927,907,27,0.0074,0.143,0.765,0.0221
INF024,11,22044,1177,40,0.0053,0.04,0.802,0.0197
INF024,12,22067,1575,41,0.0011,0.044,0.734,0.0156
INF024,13,22185,1368,40,0.0053,0.055,0.81,0.0191
INF024,14,22313,1223,32,0.0058,0.048,0.813,0.0208
INF024,15,22432,1267,40,0.0053,0.146,0.767,0.0187
INF024,16,22567,1030,23,0.006,0.121,0.759,0.0195
INF024,17,22641,1609,47,0.0033,0.075,0.808,0.0199
INF024,18,22781,1479,26,0.0062,0.053,0.819,0.0172
INF024,19,22951,1852,46,0.0074,0.032,0.72,0.0218
INF024,20,23066,1712,21,0.005,0.067,0.754,0.0158
INF024,21,23162,1217,32,0.0041,0.09,0.738,0.0256
INF024,22,23404,700,11,0.0105,0.112,0.764,0.0173
INF024,23,23388,2260,56,-0.0007,0.084,0.727,0.0179
INF024,24,23555,1418,20,0.0071,0.036,0.764,0.0236
INF024,25,23687,1123,22,0.0056,0.078,0.768,0.018
INF024,26,23822,961,27,0.0057,0.105,0.758,0.0221
INF025,1,46580,1993,94,0.0,0.164,0.593,0.0335
INF025,2,46863,2433,108,0.0061,0.2,0.603,0.0367
INF025,3,46960,3039,132,0.0021,0.201,0.553,0.0327
INF025,4,47075,3159,141,0.0025,0.157,0.514,0.0382
INF025,5,47529,3384,121,0.0096,0.197,0.633,0.0473
INF025,6,47953,3716,192,0.0089,0.193,0.596,0.0578
INF025,7,48375,4029,111,0.0088,0.167,0.613,0.0448
INF025,8,48784,3653,210,0.0084,0.149,0.575,0.0443
INF025,9,48739,2389,160,-0.0009,0.151,0.594,0.0436
INF025,10,49209,3632,220,0.0097,0.148,0.55,0.0496
INF025,11,49336,3787,140,0.0026,0.177,0.596,0.0441
INF025,12,49672,2034,93,0.0068,0.214,0.592,0.0352
INF025,13,49732,3088,155,0.0012,0.192,0.558,0.0427
INF025,14,49981,2966,152,0.005,0.227,0.611,0.0465
INF025,15,50268,2692,94,0.0058,0.186,0.625,0.042
INF025,16,50524,2307,75,0.0051,0.143,0.595,0.0437
INF025,17,50754,2587,120,0.0046,0.244,0.596,0.0447
INF025,18,51022,2326,82,0.0053,0.169,0.525,0.0386
INF025,19,51438,3228,148,0.0082,0.23,0.637,0.0489
INF025,20,51438,4804,210,-0.0,0.135,0.487,0.0351
INF025,21,51815,2470,99,0.0073,0.204,0.598,0.0574
INF025,22,52306,2374,85,0.0095,0.172,0.528,0.0387
INF025,23,52819,4272,210,0.0098,0.173,0.56,0.0404
INF025,24,53212,3062,165,0.0074,0.233,0.545,0.0533
INF025,25,53491,3074,122,0.0052,0.238,0.644,0.0406
INF025,26,53859,3304,124,0.0069,0.225,0.599,0.05
INF026,1,147673,4916,155,0.0,0.076,0.576,0.1061
INF026,2,148769,4919,233,0.0074,0.106,0.594,0.1165
INF026,3,149453,4215,279,0.0046,0.135,0.592,0.1042
INF026,4,149915,7313,408,0.0031,0.127,0.565,0.1216
INF026,5,150464,4145,176,0.0037,0.093,0.545,0.1499
INF026,6,151800,2863,163,0.0089,0.083,0.556,0.183
INF026,7,152020,4962,226,0.0014,0.112,0.589,0.1406
INF026,8,152895,4466,194,0.0058,0.114,0.578,0.1389
INF026,9,153616,3780,146,0.0047,0.117,0.593,0.1373
INF026,10,155023,5658,528,0.0092,0.099,0.489,0.1564
INF026,11,155380,3843,181,0.0023,0.116,0.556,0.1388
INF026,12,156462,3991,183,0.007,0.097,0.559,0.1108
INF026,13,156405,4290,205,-0.0004,0.128,0.571,0.1344
INF026,14,158296,5540,175,0.0121,0.07,0.561,0.1473
INF026,15,158892,3600,421,0.0038,0.1,0.586,0.1326
INF026,16,159676,5700,216,0.0049,0.12,0.596,0.1382
INF026,17,160895,5669,284,0.0076,0.114,0.559,0.1417
INF026,18,162067,4573,184,0.0073,0.146,0.562,0.1225
INF026,19,162426,5185,313,0.0022,0.116,0.591,0.1543
INF026,20,163475,3167,274,0.0065,0.086,0.559,0.1117
INF026,21,164340,5345,308,0.0053,0.122,0.576,0.1819
INF026,22,164794,5704,464,0.0028,0.128,0.638,0.1219
INF026,23,165401,3806,178,0.0037,0.154,0.564,0.1266
INF026,24,166299,6135,246,0.0054,0.067,0.631,0.1666
INF026,25,167170,5747,394,0.0052,0.11,0.567,0.1268
INF026,26,167095,8603,533,-0.0004,0.134,0.6,0.1552
INF027,1,45441,1214,22,0.0,0.102,0.722,0.0326
INF027,2,45691,1195,33,0.0055,0.146,0.71,0.0358
INF027,3,46015,1307,22,0.0071,0.094,0.722,0.0321
INF027,4,46359,1365,42,0.0075,0.083,0.712,0.0376
INF027,5,46475,1226,34,0.0025,0.12,0.692,0.0463
INF027,6,47011,1766,29,0.0115,0.15,0.705,0.0567
INF027,7,47396,1257,30,0.0082,0.18,0.738,0.0438
INF027,8,47480,2644,55,0.0018,0.117,0.684,0.0431
INF027,9,47814,2153,43,0.007,0.122,0.698,0.0427
INF027,10,47994,2414,50,0.0038,0.154,0.735,0.0484
INF027,11,48239,1727,47,0.0051,0.113,0.695,0.0431
INF027,12,48722,1509,39,0.01,0.07,0.716,0.0345
INF027,13,48795,1269,32,0.0015,0.145,0.739,0.0419
INF027,14,49226,1354,24,0.0088,0.076,0.745,0.0458
INF027,15,49399,2160,44,0.0035,0.138,0.715,0.0412
INF027,16,49864,2984,94,0.0094,0.177,0.748,0.0432
INF027,17,50111,1771,40,0.0049,0.157,0.707,0.0441
INF027,18,50434,3145,50,0.0065,0.147,0.713,0.0381
INF027,19,50880,1444,36,0.0088,0.152,0.74,0.0483
INF027,20,51267,1196,19,0.0076,0.125,0.683,0.035
INF027,21,51469,1792,43,0.0039,0.113,0.737,0.057
INF027,22,51389,1905,38,-0.0016,0.109,0.714,0.038
INF027,23,51884,1345,32,0.0096,0.209,0.682,0.0397
INF027,24,52226,1333,35,0.0066,0.119,0.727,0.0523
INF027,25,52503,1373,31,0.0053,0.145,0.738,0.0398
INF027,26,53021,1454,40,0.0099,0.061,0.69,0.0493
INF028,1,32966,869,41,0.0,0.133,0.604,0.0237
INF028,2,33059,1248,58,0.0028,0.213,0.538,0.0259
INF028,3,33177,812,74,0.0036,0.126,0.619,0.0231
INF028,4,33409,770,26,0.007,0.183,0.649,0.0271
INF028,5,33615,856,45,0.0062,0.16,0.64,0.0335
INF028,6,33838,618,24,0.0066,0.199,0.529,0.0408
INF028,7,34224,1295,47,0.0114,0.117,0.602,0.0317
INF028,8,34221,837,49,-0.0001,0.16,0.609,0.0311
INF028,9,34380,697,43,0.0047,0.176,0.615,0.0307
INF028,10,34635,625,27,0.0074,0.146,0.63,0.0349
INF028,11,34826,863,37,0.0055,0.134,0.633,0.0311
INF028,12,35043,1111,48,0.0062,0.142,0.563,0.0248
INF028,13,35127,1008,49,0.0024,0.125,0.597,0.0302
INF028,14,35342,798,48,0.0061,0.182,0.656,0.0329
INF028,15,35526,834,42,0.0052,0.152,0.555,0.0297
INF028,16,35600,667,24,0.0021,0.097,0.601,0.0308
INF028,17,35807,918,34,0.0058,0.167,0.645,0.0315
INF028,18,35992,1158,52,0.0052,0.118,0.624,0.0272
INF028,19,36293,788,30,0.0083,0.218,0.607,0.0345
INF028,20,36466,1307,42,0.0048,0.144,0.588,0.0249
INF028,21,36594,1005,42,0.0035,0.177,0.516,0.0405
INF028,22,36994,703,42,0.0109,0.163,0.59,0.0274
INF028,23,37186,847,33,0.0052,0.195,0.595,0.0285
INF028,24,37403,1237,65,0.0058,0.159,0.649,0.0375
INF028,25,37544,811,31,0.0038,0.14,0.599,0.0285
INF028,26,37744,960,28,0.0053,0.173,0.595,0.0351
INF029,1,31053,1117,39,0.0,0.23,0.502,0.0223
INF029,2,31233,1015,29,0.0058,0.117,0.524,0.0245
INF029,3,31422,938,27,0.0061,0.178,0.485,0.0219
INF029,4,31609,1103,29,0.0059,0.224,0.482,0.0256
INF029,5,31710,882,22,0.0032,0.125,0.506,0.0316
INF029,6,31883,876,21,0.0055,0.231,0.553,0.0384
INF029,7,32039,1121,30,0.0049,0.174,0.497,0.0296
INF029,8,32123,1203,42,0.0026,0.197,0.525,0.0292
INF029,9,32084,1299,32,-0.0012,0.145,0.48,0.0287
INF029,10,32419,1199,34,0.0105,0.145,0.486,0.0327
INF029,11,32467,731,21,0.0015,0.214,0.52,0.029
INF029,12,32651,751,14,0.0057,0.224,0.482,0.0231
INF029,13,32876,1446,43,0.0069,0.162,0.515,0.0283
INF029,14,33052,1220,41,0.0054,0.181,0.467,0.0308
INF029,15,33391,1356,23,0.0103,0.203,0.519,0.0279
INF029,16,33557,982,36,0.005,0.158,0.523,0.029
INF029,17,33658,1430,38,0.003,0.136,0.492,0.0297
INF029,18,34031,1064,33,0.0111,0.209,0.475,0.0257
INF029,19,34330,854,34,0.0088,0.198,0.505,0.0326
INF029,20,34724,969,29,0.0115,0.116,0.566,0.0237
INF029,21,34812,1026,25,0.0025,0.141,0.517,0.0385
INF029,22,34891,957,28,0.0023,0.197,0.512,0.0258
INF029,23,35244,1245,37,0.0101,0.165,0.554,0.027
INF029,24,35211,1279,31,-0.0009,0.136,0.541,0.0353
INF029,25,35246,531,14,0.001,0.175,0.496,0.0267
INF029,26,35502,1394,31,0.0072,0.205,0.506,0.033
INF030,1,30857,671,20,0.0,0.171,0.82,0.0222
INF030,2,30873,1099,31,0.0005,0.159,0.812,0.0242
INF030,3,31105,686,21,0.0075,0.17,0.776,0.0217
INF030,4,31194,965,17,0.0029,0.19,0.831,0.0253
INF030,5,31291,1265,20,0.0031,0.145,0.764,0.0312
INF030,6,31582,1077,26,0.0093,0.254,0.778,0.0381
INF030,7,31632,1278,48,0.0016,0.167,0.793,0.0293
INF030,8,31873,895,16,0.0076,0.189,0.809,0.029
INF030,9,32156,1991,32,0.0089,0.155,0.77,0.0287
INF030,10,32294,919,12,0.0043,0.175,0.832,0.0326
INF030,11,32540,1154,16,0.0076,0.137,0.825,0.0291
INF030,12,32642,1212,35,0.0031,0.16,0.789,0.0231
INF030,13,32853,1184,28,0.0065,0.182,0.806,0.0282
INF030,14,33016,883,26,0.0049,0.136,0.845,0.0307
INF030,15,33256,864,29,0.0073,0.188,0.782,0.0278
INF030,16,33454,949,24,0.006,0.169,0.772,0.029
INF030,17,33778,868,25,0.0097,0.217,0.777,0.0298
INF030,18,33884,793,18,0.0031,0.185,0.837,0.0256
INF030,19,34096,1109,24,0.0063,0.201,0.757,0.0324
INF030,20,34407,1210,28,0.0091,0.172,0.817,0.0235
INF030,21,34753,1354,36,0.01,0.195,0.784,0.0385
INF030,22,34900,1276,32,0.0042,0.193,0.754,0.0258
INF030,23,35198,1099,25,0.0085,0.141,0.806,0.0269
INF030,24,35464,1299,45,0.0075,0.186,0.754,0.0355
INF030,25,35588,1262,18,0.0035,0.194,0.78,0.027
INF030,26,35854,954,17,0.0075,0.222,0.783,0.0333
INF031,1,27739,731,18,0.0,0.0,0.696,0.0199
INF031,2,27783,817,28,0.0016,0.058,0.759,0.0218
INF031,3,27909,1095,23,0.0045,0.081,0.72,0.0195
INF031,4,28107,895,21,0.0071,0.053,0.739,0.0228
INF031,5,28189,939,22,0.0029,0.026,0.783,0.0281
INF031,6,28374,852,19,0.0066,0.12,0.698,0.0342
INF031,7,28525,906,19,0.0053,0.107,0.71,0.0264
INF031,8,28657,800,23,0.0046,0.0,0.719,0.026
INF031,9,28912,947,23,0.0089,0.048,0.739,0.0258
INF031,10,29125,1297,27,0.0074,0.034,0.739,0.0294
INF031,11,29328,903,33,0.007,0.123,0.731,0.0262
INF031,12,29473,667,18,0.005,0.082,0.738,0.0209
INF031,13,29742,686,27,0.0091,0.039,0.742,0.0256
INF031,14,29963,777,20,0.0074,0.05,0.748,0.0279
INF031,15,30239,990,26,0.0092,0.061,0.682,0.0252
INF031,16,30595,898,32,0.0118,0.013,0.746,0.0265
INF031,17,30652,1099,30,0.0019,0.027,0.741,0.027
INF031,18,30684,1271,40,0.0011,0.138,0.725,0.0232
INF031,19,30807,915,29,0.004,0.056,0.755,0.0293
INF031,20,30899,1409,82,0.003,0.021,0.758,0.0211
INF031,21,31181,1286,21,0.0091,0.041,0.738,0.0345
INF031,22,31504,1225,30,0.0104,0.101,0.737,0.0233
INF031,23,31715,1049,44,0.0067,0.058,0.713,0.0243
INF031,24,31726,1332,27,0.0003,0.081,0.801,0.0318
INF031,25,31973,854,32,0.0078,0.024,0.741,0.0242
INF031,26,32048,1049,44,0.0023,0.048,0.777,0.0298
INF032,1,25622,605,36,0.0,0.149,0.665,0.0184
INF032,2,25913,604,21,0.0114,0.189,0.712,0.0203
INF032,3,26042,1189,61,0.005,0.17,0.648,0.0182
INF032,4,26306,1174,39,0.0101,0.164,0.712,0.0213
INF032,5,26386,833,44,0.0031,0.145,0.702,0.0263
INF032,6,26480,1157,37,0.0036,0.129,0.681,0.0319
INF032,7,26634,683,26,0.0058,0.085,0.728,0.0246
INF032,8,26707,1343,48,0.0027,0.132,0.683,0.0243
INF032,9,26905,1050,39,0.0074,0.101,0.675,0.024
INF032,10,27042,800,29,0.0051,0.193,0.671,0.0273
INF032,11,27151,1036,40,0.004,0.128,0.699,0.0243
INF032,12,27395,520,25,0.009,0.166,0.693,0.0194
INF032,13,27532,819,35,0.005,0.163,0.632,0.0237
INF032,14,27651,754,35,0.0043,0.145,0.71,0.0257
INF032,15,27751,903,29,0.0036,0.176,0.666,0.0232
INF032,16,27744,669,33,-0.0003,0.113,0.651,0.024
INF032,17,27928,549,25,0.0066,0.155,0.658,0.0246
INF032,18,28338,995,40,0.0147,0.132,0.703,0.0214
INF032,19,28567,521,30,0.0081,0.153,0.662,0.0271
INF032,20,28748,849,42,0.0063,0.188,0.734,0.0196
INF032,21,28887,920,25,0.0048,0.178,0.728,0.032
INF032,22,29052,1455,55,0.0057,0.175,0.703,0.0215
INF032,23,29211,1143,45,0.0055,0.173,0.672,0.0224
INF032,24,29459,1405,70,0.0085,0.164,0.762,0.0295
INF032,25,29589,1007,48,0.0044,0.171,0.681,0.0224
INF032,26,29631,715,32,0.0014,0.123,0.64,0.0275
INF033,1,64875,3507,142,0.0,0.172,0.791,0.0466
INF033,2,65360,3859,129,0.0075,0.135,0.778,0.0512
INF033,3,65523,3703,166,0.0025,0.196,0.762,0.0457
INF033,4,65969,3802,195,0.0068,0.198,0.751,0.0535
INF033,5,66084,2089,111,0.0017,0.181,0.824,0.0658
INF033,6,66489,2782,175,0.0061,0.187,0.734,0.0801
INF033,7,66711,5189,272,0.0034,0.186,0.776,0.0617
INF033,8,67083,2649,103,0.0056,0.208,0.799,0.061
INF033,9,67303,3795,137,0.0033,0.197,0.777,0.0601
INF033,10,67825,3604,197,0.0078,0.171,0.748,0.0684
INF033,11,68310,2509,72,0.0071,0.186,0.766,0.061
INF033,12,68613,4392,189,0.0044,0.153,0.841,0.0486
INF033,13,69042,4413,221,0.0063,0.191,0.813,0.0593
INF033,14,69452,4084,172,0.0059,0.195,0.779,0.0646
INF033,15,69620,2608,69,0.0024,0.179,0.798,0.0581
INF033,16,70133,4388,225,0.0074,0.178,0.777,0.0607
INF033,17,70467,2847,107,0.0048,0.204,0.807,0.0621
INF033,18,70830,4250,260,0.0052,0.153,0.798,0.0536
INF033,19,70907,3974,166,0.0011,0.168,0.803,0.0673
INF033,20,71150,4724,233,0.0034,0.177,0.78,0.0486
INF033,21,71360,5100,199,0.003,0.115,0.797,0.079
INF033,22,71792,3595,129,0.0061,0.147,0.812,0.0531
INF033,23,72344,2165,62,0.0077,0.171,0.774,0.0554
INF033,24,72851,2147,94,0.007,0.167,0.858,0.073
INF033,25,73666,2734,166,0.0112,0.217,0.779,0.0559
INF033,26,73999,2906,138,0.0045,0.16,0.813,0.0687
INF034,1,61656,2396,70,0.0,0.061,0.793,0.0443
INF034,2,61976,3705,146,0.0052,0.099,0.703,0.0485
INF034,3,62500,3443,100,0.0085,0.047,0.694,0.0436
INF034,4,62639,2984,51,0.0022,0.065,0.712,0.0508
INF034,5,62739,4866,116,0.0016,0.135,0.727,0.0625
INF034,6,63015,4047,126,0.0044,0.076,0.774,0.076
INF034,7,63567,3428,75,0.0088,0.089,0.7,0.0588
INF034,8,63839,2217,47,0.0043,0.146,0.724,0.058
INF034,9,64249,2471,44,0.0064,0.043,0.714,0.0574
INF034,10,64703,4160,103,0.0071,0.039,0.723,0.0653
INF034,11,65207,4087,112,0.0078,0.049,0.78,0.0582
INF034,12,65936,2987,93,0.0112,0.112,0.708,0.0467
INF034,13,66333,3410,61,0.006,0.027,0.726,0.057
INF034,14,66802,4566,123,0.0071,0.092,0.705,0.0622
INF034,15,67523,2611,71,0.0108,0.026,0.774,0.0564
INF034,16,67624,2915,106,0.0015,0.1,0.72,0.0585
INF034,17,67993,2955,50,0.0055,0.124,0.688,0.0599
INF034,18,68496,5967,107,0.0074,0.064,0.736,0.0518
INF034,19,68998,4895,174,0.0073,0.076,0.705,0.0655
INF034,20,69653,2885,75,0.0095,0.083,0.72,0.0476
INF034,21,69899,3548,108,0.0035,0.113,0.74,0.0774
INF034,22,70584,3733,90,0.0098,0.053,0.731,0.0522
INF034,23,71003,4891,169,0.0059,0.069,0.778,0.0544
INF034,24,71586,4513,121,0.0082,0.115,0.722,0.0717
INF034,25,71758,6641,110,0.0024,0.109,0.665,0.0544
INF034,26,71965,3787,85,0.0029,0.05,0.707,0.0669
INF035,1,55775,1853,71,0.0,0.107,0.73,0.0401
INF035,2,55976,2069,116,0.0036,0.084,0.719,0.0438
INF035,3,56216,2477,116,0.0043,0.119,0.776,0.0392
INF035,4,56437,2560,140,0.0039,0.153,0.801,0.0458
INF035,5,56933,2317,91,0.0088,0.124,0.771,0.0567
INF035,6,57074,2309,110,0.0025,0.121,0.77,0.0688
INF035,7,57409,1920,100,0.0059,0.115,0.762,0.0531
INF035,8,57839,3846,180,0.0075,0.142,0.778,0.0526
INF035,9,57860,1851,50,0.0004,0.118,0.772,0.0517
INF035,10,57956,2889,169,0.0017,0.102,0.764,0.0585
INF035,11,58424,2401,118,0.0081,0.101,0.771,0.0522
INF035,12,58668,2148,90,0.0042,0.036,0.735,0.0415
INF035,13,59012,3316,166,0.0059,0.134,0.751,0.0507
INF035,14,59163,3244,154,0.0025,0.159,0.8,0.0551
INF035,15,59425,2807,126,0.0044,0.094,0.744,0.0496
INF035,16,59776,3431,118,0.0059,0.143,0.788,0.0517
INF035,17,60137,3623,263,0.006,0.085,0.737,0.053
INF035,18,60350,2853,138,0.0035,0.139,0.74,0.0456
INF035,19,60817,2190,107,0.0077,0.157,0.755,0.0578
INF035,20,61315,2799,129,0.0082,0.082,0.756,0.0419
INF035,21,61286,2041,93,-0.0005,0.159,0.754,0.0679
INF035,22,61700,3177,125,0.0068,0.156,0.762,0.0456
INF035,23,62061,2155,83,0.0059,0.158,0.808,0.0475
INF035,24,62333,2787,106,0.0044,0.165,0.775,0.0624
INF035,25,62399,3383,100,0.0011,0.162,0.754,0.0473
INF035,26,62739,2692,123,0.0055,0.106,0.774,0.0583
INF036,1,375776,21773,814,0.0,0.138,0.737,0.2699
INF036,2,377461,21772,988,0.0045,0.113,0.81,0.2957
INF036,3,377318,15790,524,-0.0004,0.128,0.815,0.263
INF036,4,379411,12768,402,0.0055,0.159,0.823,0.3076
INF036,5,380102,25538,1258,0.0018,0.168,0.825,0.3786
INF036,6,383503,30491,1123,0.0089,0.158,0.839,0.4623
INF036,7,383300,17273,719,-0.0005,0.114,0.81,0.3546
INF036,8,385654,37576,1443,0.0061,0.145,0.765,0.3504
INF036,9,387092,23204,1148,0.0037,0.158,0.747,0.3459
INF036,10,388290,19353,606,0.0031,0.117,0.786,0.3917
INF036,11,389784,25264,997,0.0038,0.134,0.832,0.3482
INF036,12,391710,51571,1620,0.0049,0.197,0.82,0.2773
INF036,13,393842,19162,882,0.0054,0.094,0.774,0.3385
INF036,14,396638,14049,387,0.0071,0.145,0.755,0.3692
INF036,15,400859,20487,726,0.0106,0.17,0.8,0.3346
INF036,16,404502,23751,764,0.0091,0.152,0.776,0.3501
INF036,17,407600,28010,1078,0.0077,0.126,0.819,0.3591
INF036,18,409301,16117,509,0.0042,0.107,0.84,0.3095
INF036,19,413348,16617,1206,0.0099,0.1,0.787,0.3926
INF036,20,418020,35213,789,0.0113,0.148,0.823,0.2856
INF036,21,419224,18021,429,0.0029,0.073,0.766,0.4641
INF036,22,420697,20575,823,0.0035,0.12,0.77,0.3111
INF036,23,425695,20580,698,0.0119,0.153,0.735,0.3259
INF036,24,430507,15579,758,0.0113,0.114,0.745,0.4312
INF036,25,432656,18148,626,0.005,0.155,0.848,0.3281
INF036,26,435640,22528,659,0.0069,0.125,0.822,0.4047
INF037,1,41512,2501,65,0.0,0.11,0.588,0.0298
INF037,2,41807,1978,53,0.0071,0.049,0.627,0.0327
INF037,3,42260,2474,98,0.0108,0.053,0.593,0.0295
INF037,4,42430,4142,140,0.004,0.046,0.596,0.0344
INF037,5,42689,1502,72,0.0061,0.054,0.56,0.0425
INF037,6,43003,2080,46,0.0073,0.046,0.6,0.0518
INF037,7,42989,3205,75,-0.0003,0.072,0.671,0.0398
INF037,8,43137,2224,78,0.0034,0.094,0.571,0.0392
INF037,9,43352,2298,82,0.005,0.071,0.638,0.0387
INF037,10,43715,2940,99,0.0084,0.01,0.628,0.0441
INF037,11,43873,2234,68,0.0036,0.048,0.557,0.0392
INF037,12,44065,1332,50,0.0044,0.056,0.674,0.0312
INF037,13,44160,2359,84,0.0021,0.0,0.564,0.038
INF037,14,44207,2420,78,0.0011,0.066,0.702,0.0411
INF037,15,44383,2244,85,0.004,0.007,0.671,0.037
INF037,16,44560,2610,50,0.004,0.027,0.622,0.0386
INF037,17,44692,2092,99,0.003,0.071,0.582,0.0394
INF037,18,45073,2045,106,0.0085,0.015,0.648,0.0341
INF037,19,45193,3355,63,0.0027,0.0,0.628,0.0429
INF037,20,45550,1697,64,0.0079,0.042,0.609,0.0311
INF037,21,45710,1859,45,0.0035,0.077,0.61,0.0506
INF037,22,46040,2484,120,0.0072,0.084,0.637,0.034
INF037,23,46371,2954,108,0.0072,0.032,0.677,0.0355
INF037,24,46800,2003,45,0.0093,0.097,0.584,0.0469
INF037,25,46996,2742,144,0.0042,0.022,0.588,0.0356
INF037,26,47325,4056,174,0.007,0.028,0.625,0.044
INF038,1,52414,2967,85,0.0,0.21,0.649,0.0376
INF038,2,52530,3756,188,0.0022,0.206,0.639,0.0411
INF038,3,52952,2581,98,0.008,0.209,0.608,0.0369
INF038,4,53388,3215,188,0.0082,0.199,0.661,0.0433
INF038,5,53652,2476,96,0.0049,0.207,0.637,0.0534
INF038,6,53783,2311,100,0.0024,0.185,0.58,0.0648
INF038,7,54135,1450,44,0.0065,0.186,0.583,0.0501
INF038,8,54361,2536,91,0.0042,0.194,0.617,0.0494
INF038,9,54572,2478,111,0.0039,0.152,0.633,0.0488
INF038,10,54861,2534,115,0.0053,0.157,0.577,0.0553
INF038,11,55401,3707,144,0.0098,0.166,0.604,0.0495
INF038,12,55696,3402,96,0.0053,0.19,0.613,0.0394
INF038,13,56004,1957,77,0.0055,0.187,0.574,0.0481
INF038,14,56488,3001,151,0.0086,0.145,0.592,0.0526
INF038,15,56721,2356,75,0.0041,0.169,0.61,0.0473
INF038,16,56980,3057,117,0.0046,0.205,0.602,0.0493
INF038,17,57095,2626,70,0.002,0.132,0.674,0.0503
INF038,18,57485,2760,131,0.0068,0.184,0.664,0.0435
INF038,19,57830,3766,196,0.006,0.176,0.653,0.0549
INF038,20,57858,3718,164,0.0005,0.161,0.616,0.0395
INF038,21,58291,2403,52,0.0075,0.221,0.634,0.0645
INF038,22,58535,4001,141,0.0042,0.164,0.623,0.0433
INF038,23,58959,4013,158,0.0072,0.125,0.607,0.0451
INF038,24,59284,3411,112,0.0055,0.166,0.621,0.0594
INF038,25,59683,2403,101,0.0067,0.201,0.622,0.0453
INF038,26,60190,3538,84,0.0085,0.18,0.612,0.0559
INF039,1,35436,737,35,0.0,0.082,0.63,0.0255
INF039,2,35739,928,33,0.0086,0.068,0.585,0.028
INF039,3,35793,1403,60,0.0015,0.086,0.652,0.0249
INF039,4,36008,970,40,0.006,0.059,0.694,0.0292
INF039,5,36053,1002,24,0.0013,0.093,0.61,0.0359
INF039,6,36221,797,25,0.0047,0.103,0.596,0.0437
INF039,7,36170,877,30,-0.0014,0.101,0.594,0.0335
INF039,8,36254,915,50,0.0023,0.072,0.563,0.0329
INF039,9,36567,968,55,0.0087,0.045,0.588,0.0327
INF039,10,36921,1047,64,0.0097,0.042,0.608,0.0372
INF039,11,37255,1028,54,0.009,0.076,0.627,0.0333
INF039,12,37474,704,33,0.0059,0.048,0.576,0.0265
INF039,13,37709,1298,91,0.0063,0.11,0.607,0.0324
INF039,14,37926,1159,90,0.0058,0.069,0.619,0.0353
INF039,15,38063,845,58,0.0036,0.061,0.574,0.0318
INF039,16,38537,647,30,0.0125,0.054,0.633,0.0334
INF039,17,39004,997,34,0.0121,0.111,0.633,0.0344
INF039,18,39045,1015,54,0.001,0.109,0.6,0.0295
INF039,19,39400,1209,64,0.0091,0.132,0.566,0.0374
INF039,20,39707,895,58,0.0078,0.076,0.609,0.0271
INF039,21,39957,1127,42,0.0063,0.062,0.627,0.0442
INF039,22,40064,892,39,0.0027,0.034,0.557,0.0296
INF039,23,40262,1203,60,0.0049,0.099,0.639,0.0308
INF039,24,40381,1360,85,0.003,0.079,0.612,0.0404
INF039,25,40612,1200,61,0.0057,0.012,0.63,0.0308
INF039,26,40789,904,64,0.0044,0.068,0.614,0.0379
INF040,1,27581,732,20,0.0,0.044,0.581,0.0198
INF040,2,27768,1196,40,0.0068,0.093,0.551,0.0218
INF040,3,27822,962,32,0.0019,0.139,0.536,0.0194
INF040,4,27913,892,28,0.0033,0.1,0.549,0.0226
INF040,5,27993,1240,33,0.0029,0.073,0.551,0.0279
INF040,6,28248,1548,52,0.0091,0.066,0.511,0.0341
INF040,7,28445,1096,40,0.007,0.118,0.56,0.0263
INF040,8,28541,752,27,0.0034,0.073,0.548,0.0259
INF040,9,28631,1066,39,0.0031,0.099,0.52,0.0256
INF040,10,28928,933,33,0.0104,0.095,0.528,0.0292
INF040,11,29270,1062,35,0.0118,0.079,0.576,0.0261
INF040,12,29399,1074,27,0.0044,0.13,0.519,0.0208
INF040,13,29507,866,44,0.0037,0.112,0.612,0.0254
INF040,14,29617,1201,41,0.0037,0.056,0.576,0.0276
INF040,15,29777,957,51,0.0054,0.066,0.557,0.0249
INF040,16,29973,1222,31,0.0066,0.107,0.577,0.0259
INF040,17,30264,891,37,0.0097,0.098,0.533,0.0267
INF040,18,30265,1406,43,0.0,0.111,0.564,0.0229
INF040,19,30474,1107,30,0.0069,0.155,0.536,0.0289
INF040,20,30654,652,28,0.0059,0.105,0.612,0.0209
INF040,21,30764,931,23,0.0036,0.108,0.567,0.0341
INF040,22,30747,1429,75,-0.0006,0.081,0.58,0.0227
INF040,23,30933,1290,30,0.0061,0.04,0.584,0.0237
INF040,24,31057,1143,27,0.004,0.093,0.566,0.0311
INF040,25,31107,886,40,0.0016,0.105,0.568,0.0236
INF040,26,31140,1084,42,0.0011,0.101,0.563,0.0289
INF041,1,151416,3381,103,0.0,0.15,0.75,0.1088
INF041,2,152640,6783,122,0.0081,0.17,0.644,0.1196
INF041,3,152744,9495,232,0.0007,0.266,0.687,0.1065
INF041,4,153351,5055,110,0.004,0.216,0.715,0.1243
INF041,5,154117,5223,158,0.005,0.194,0.701,0.1535
INF041,6,156094,6037,257,0.0128,0.188,0.697,0.1882
INF041,7,156902,6752,245,0.0052,0.149,0.608,0.1451
INF041,8,158336,3779,109,0.0091,0.207,0.739,0.1439
INF041,9,158834,4794,160,0.0031,0.214,0.759,0.1419
INF041,10,159273,5031,106,0.0028,0.189,0.701,0.1607
INF041,11,160880,5146,147,0.0101,0.176,0.641,0.1437
INF041,12,161375,5800,141,0.0031,0.253,0.717,0.1143
INF041,13,162450,5384,240,0.0067,0.18,0.689,0.1396
INF041,14,164096,4999,112,0.0101,0.173,0.692,0.1527
INF041,15,165771,7805,179,0.0102,0.186,0.655,0.1384
INF041,16,166476,5981,109,0.0042,0.213,0.733,0.1441
INF041,17,167426,6325,150,0.0057,0.224,0.65,0.1475
INF041,18,168087,4514,106,0.0039,0.203,0.675,0.1271
INF041,19,169626,7044,148,0.0092,0.213,0.715,0.1611
INF041,20,170263,5908,162,0.0038,0.188,0.706,0.1163
INF041,21,171019,6755,176,0.0044,0.219,0.688,0.1893
INF041,22,172187,6584,136,0.0068,0.202,0.716,0.1273
INF041,23,172815,6700,246,0.0036,0.195,0.714,0.1323
INF041,24,173517,5204,135,0.0041,0.205,0.74,0.1738
INF041,25,174529,6101,115,0.0058,0.174,0.656,0.1324
INF041,26,175234,4819,163,0.004,0.165,0.709,0.1628
INF042,1,64710,5163,22,0.0,0.601,0.129,0.0465
INF042,2,65004,8434,43,0.0045,0.583,0.054,0.0509
INF042,3,65217,8080,47,0.0033,0.634,0.152,0.0455
INF042,4,91356,9122,42,0.4008,0.621,0.195,0.0741
INF042,5,91430,6949,38,0.0008,0.654,0.097,0.0911
INF042,6,91627,6786,22,0.0022,0.63,0.09,0.1104
INF042,7,92018,14725,103,0.0043,0.654,0.169,0.0851
INF042,8,92346,12767,69,0.0036,0.614,0.127,0.0839
INF042,9,92250,7417,31,-0.001,0.603,0.142,0.0824
INF042,10,92598,9376,39,0.0038,0.57,0.112,0.0934
INF042,11,93193,9559,68,0.0064,0.639,0.198,0.0832
INF042,12,93612,10220,35,0.0045,0.668,0.082,0.0663
INF042,13,94464,7535,43,0.0091,0.632,0.121,0.0812
INF042,14,94801,12068,38,0.0036,0.677,0.116,0.0882
INF042,15,95682,9278,39,0.0093,0.589,0.09,0.0799
INF042,16,96486,10569,39,0.0084,0.619,0.11,0.0835
INF042,17,96901,11898,51,0.0043,0.635,0.143,0.0854
INF042,18,97327,9201,25,0.0044,0.651,0.142,0.0736
INF042,19,97761,10976,62,0.0045,0.682,0.115,0.0928
INF042,20,122416,15493,61,0.2522,0.612,0.136,0.0836
INF042,21,123180,10346,81,0.0062,0.596,0.096,0.1364
INF042,22,124238,21561,82,0.0086,0.652,0.12,0.0919
INF042,23,125082,9790,39,0.0068,0.677,0.089,0.0958
INF042,24,125827,17428,109,0.006,0.669,0.113,0.126
INF042,25,126499,17229,71,0.0053,0.609,0.097,0.0959
INF042,26,126888,12766,55,0.0031,0.607,0.112,0.1179
INF043,1,24237,1084,35,0.0,0.079,0.762,0.0174
INF043,2,24418,1314,56,0.0075,0.153,0.776,0.0191
INF043,3,24616,1200,66,0.0081,0.109,0.751,0.0172
INF043,4,24811,1753,77,0.0079,0.11,0.754,0.0201
INF043,5,24889,1078,38,0.0031,0.103,0.706,0.0248
INF043,6,25004,860,41,0.0046,0.125,0.779,0.0301
INF043,7,25085,865,44,0.0032,0.117,0.797,0.0232
INF043,8,25393,1171,45,0.0123,0.104,0.739,0.0231
INF043,9,25663,1118,37,0.0106,0.173,0.797,0.0229
INF043,10,25795,2488,85,0.0052,0.056,0.757,0.026
INF043,11,25877,1696,53,0.0031,0.155,0.781,0.0231
INF043,12,26061,2184,107,0.0071,0.073,0.818,0.0185
INF043,13,26075,1171,47,0.0005,0.119,0.848,0.0224
INF043,14,26192,1916,82,0.0045,0.123,0.832,0.0244
INF043,15,26393,1810,96,0.0077,0.063,0.793,0.022
INF043,16,26613,1167,47,0.0083,0.088,0.759,0.023
INF043,17,26746,1569,78,0.005,0.135,0.805,0.0236
INF043,18,26842,1536,43,0.0036,0.11,0.818,0.0203
INF043,19,27036,1700,101,0.0072,0.186,0.831,0.0257
INF043,20,27157,2497,127,0.0045,0.057,0.822,0.0186
INF043,21,27292,1407,47,0.0049,0.065,0.824,0.0302
INF043,22,27316,1148,52,0.0009,0.054,0.763,0.0202
INF043,23,27449,1613,88,0.0049,0.158,0.714,0.021
INF043,24,27629,1684,88,0.0066,0.066,0.757,0.0277
INF043,25,27762,1574,34,0.0048,0.103,0.77,0.0211
INF043,26,27996,974,40,0.0084,0.138,0.754,0.026
INF044,1,7377,465,18,0.0,0.178,0.515,0.0053
INF044,2,7432,354,15,0.0074,0.169,0.573,0.0058
INF044,3,7445,365,10,0.0018,0.173,0.505,0.0052
INF044,4,7515,332,10,0.0093,0.167,0.573,0.0061
INF044,5,7557,252,8,0.0057,0.107,0.561,0.0075
INF044,6,7591,501,22,0.0045,0.169,0.588,0.0092
INF044,7,7643,459,21,0.0068,0.124,0.525,0.0071
INF044,8,7710,453,20,0.0088,0.121,0.558,0.007
INF044,9,7748,433,13,0.0049,0.12,0.54,0.0069
INF044,10,7822,537,21,0.0096,0.122,0.561,0.0079
INF044,11,7835,481,15,0.0016,0.191,0.573,0.007
INF044,12,7888,339,20,0.0068,0.188,0.535,0.0056
INF044,13,7924,254,6,0.0046,0.075,0.511,0.0068
INF044,14,8002,637,30,0.0097,0.159,0.59,0.0074
INF044,15,8017,516,17,0.0019,0.2,0.521,0.0067
INF044,16,8064,389,23,0.0059,0.133,0.491,0.007
INF044,17,8115,361,11,0.0063,0.231,0.526,0.0071
INF044,18,8165,628,25,0.0061,0.152,0.529,0.0062
INF044,19,8209,438,20,0.0055,0.118,0.517,0.0078
INF044,20,8284,593,22,0.0091,0.121,0.546,0.0057
INF044,21,8338,453,18,0.0065,0.157,0.57,0.0092
INF044,22,8380,823,28,0.005,0.158,0.569,0.0062
INF044,23,8436,442,18,0.0067,0.191,0.526,0.0065
INF044,24,8480,272,7,0.0052,0.207,0.567,0.0085
INF044,25,8512,396,20,0.0039,0.153,0.464,0.0065
INF044,26,8578,425,16,0.0077,0.177,0.528,0.008
INF045,1,117557,3026,57,0.0,0.103,0.583,0.0844
INF045,2,118657,3609,122,0.0094,0.045,0.63,0.0929
INF045,3,119235,4177,205,0.0049,0.018,0.655,0.0831
INF045,4,119631,2694,58,0.0033,0.059,0.601,0.097
INF045,5,120528,2627,125,0.0075,0.038,0.616,0.12
INF045,6,120799,3762,71,0.0023,0.066,0.614,0.1456
INF045,7,121798,4009,139,0.0083,0.073,0.582,0.1127
INF045,8,122528,4918,214,0.006,0.091,0.584,0.1113
INF045,9,123562,3399,84,0.0084,0.033,0.627,0.1104
INF045,10,123648,1894,50,0.0007,0.032,0.558,0.1247
INF045,11,124850,4223,115,0.0097,0.04,0.578,0.1115
INF045,12,125402,2730,106,0.0044,0.023,0.549,0.0888
INF045,13,126169,3551,183,0.0061,0.105,0.61,0.1084
INF045,14,126306,3117,63,0.0011,0.022,0.601,0.1176
INF045,15,126977,3187,84,0.0053,0.09,0.63,0.106
INF045,16,127918,2879,95,0.0074,0.058,0.62,0.1107
INF045,17,128656,3333,81,0.0058,0.052,0.626,0.1133
INF045,18,129171,3128,136,0.004,0.063,0.637,0.0977
INF045,19,129590,2381,70,0.0032,0.007,0.597,0.1231
INF045,20,130699,2647,90,0.0086,0.01,0.585,0.0893
INF045,21,131769,3972,129,0.0082,0.029,0.575,0.1459
INF045,22,131965,2178,81,0.0015,0.097,0.617,0.0976
INF045,23,133093,4343,132,0.0085,0.065,0.586,0.1019
INF045,24,133393,3740,131,0.0023,0.054,0.56,0.1336
INF045,25,134019,4329,86,0.0047,0.084,0.603,0.1016
INF045,26,134946,2641,62,0.0069,0.069,0.636,0.1254
INF046,1,75172,4314,110,0.0,0.044,0.638,0.054
INF046,2,75419,2941,137,0.0033,0.085,0.72,0.0591
INF046,3,75733,3531,94,0.0042,0.095,0.674,0.0528
INF046,4,76648,4751,97,0.0121,0.059,0.734,0.0621
INF046,5,76631,3634,74,-0.0002,0.059,0.689,0.0763
INF046,6,77497,2893,78,0.0113,0.1,0.705,0.0934
INF046,7,77958,4487,114,0.0059,0.111,0.714,0.0721
INF046,8,78876,6256,212,0.0118,0.037,0.704,0.0717
INF046,9,79954,4196,202,0.0137,0.071,0.725,0.0715
INF046,10,80410,3345,102,0.0057,0.089,0.676,0.0811
INF046,11,80837,4813,161,0.0053,0.073,0.698,0.0722
INF046,12,81320,4143,116,0.006,0.126,0.712,0.0576
INF046,13,81712,4498,181,0.0048,0.08,0.702,0.0702
INF046,14,81901,6526,169,0.0023,0.124,0.713,0.0762
INF046,15,82266,3240,78,0.0045,0.103,0.747,0.0687
INF046,16,82474,7403,219,0.0025,0.043,0.767,0.0714
INF046,17,82717,4122,119,0.0029,0.15,0.671,0.0729
INF046,18,83098,7050,263,0.0046,0.084,0.682,0.0628
INF046,19,83537,4563,127,0.0053,0.118,0.732,0.0793
INF046,20,84238,6979,219,0.0084,0.105,0.665,0.0575
INF046,21,84776,5433,134,0.0064,0.039,0.754,0.0939
INF046,22,85825,5324,224,0.0124,0.119,0.712,0.0635
INF046,23,86160,4033,127,0.0039,0.03,0.736,0.066
INF046,24,86838,4952,157,0.0079,0.062,0.661,0.087
INF046,25,86959,3232,67,0.0014,0.055,0.712,0.0659
INF046,26,87641,3593,73,0.0078,0.048,0.686,0.0814
INF047,1,23145,663,28,0.0,0.11,0.649,0.0166
INF047,2,23254,325,12,0.0047,0.151,0.628,0.0182
INF047,3,23338,611,16,0.0036,0.145,0.594,0.0163
INF047,4,23414,583,18,0.0033,0.177,0.593,0.019
INF047,5,23607,846,38,0.0082,0.113,0.615,0.0235
INF047,6,23790,530,14,0.0078,0.032,0.588,0.0287
INF047,7,23914,780,21,0.0052,0.101,0.605,0.0221
INF047,8,24026,605,17,0.0047,0.105,0.581,0.0218
INF047,9,24168,877,30,0.0059,0.1,0.57,0.0216
INF047,10,24215,810,21,0.0019,0.121,0.633,0.0244
INF047,11,24290,860,24,0.0031,0.101,0.628,0.0217
INF047,12,24248,702,22,-0.0017,0.146,0.607,0.0172
INF047,13,24421,697,23,0.0071,0.143,0.625,0.021
INF047,14,24664,592,34,0.01,0.096,0.576,0.023
INF047,15,24791,875,44,0.0051,0.034,0.575,0.0207
INF047,16,24854,609,23,0.0025,0.113,0.597,0.0215
INF047,17,24937,583,13,0.0033,0.116,0.605,0.022
INF047,18,25062,512,11,0.005,0.139,0.621,0.019
INF047,19,25156,611,17,0.0037,0.103,0.604,0.0239
INF047,20,25291,872,29,0.0054,0.126,0.622,0.0173
INF047,21,25490,630,21,0.0079,0.124,0.603,0.0282
INF047,22,25600,1378,28,0.0043,0.073,0.658,0.0189
INF047,23,25853,598,17,0.0099,0.101,0.647,0.0198
INF047,24,25993,622,27,0.0054,0.124,0.649,0.026
INF047,25,26033,679,22,0.0015,0.101,0.558,0.0197
INF047,26,26177,526,17,0.0055,0.09,0.57,0.0243
INF048,1,43019,2964,106,0.0,0.025,0.63,0.0309
INF048,2,43381,2884,150,0.0084,0.077,0.573,0.034
INF048,3,43753,3041,86,0.0086,0.075,0.574,0.0305
INF048,4,43896,2543,59,0.0033,0.099,0.562,0.0356
INF048,5,44240,1999,51,0.0078,0.067,0.59,0.0441
INF048,6,44469,3250,84,0.0052,0.09,0.578,0.0536
INF048,7,44642,2518,64,0.0039,0.081,0.66,0.0413
INF048,8,44723,2637,110,0.0018,0.08,0.587,0.0406
INF048,9,44967,1824,64,0.0055,0.07,0.625,0.0402
INF048,10,45256,2601,92,0.0064,0.055,0.616,0.0457
INF048,11,45562,2945,83,0.0068,0.137,0.576,0.0407
INF048,12,45981,2344,69,0.0092,0.13,0.583,0.0326
INF048,13,45977,1328,45,-0.0001,0.094,0.59,0.0395
INF048,14,46210,2562,77,0.005,0.055,0.57,0.043
INF048,15,46541,2419,52,0.0072,0.081,0.54,0.0388
INF048,16,46823,2087,59,0.0061,0.076,0.604,0.0405
INF048,17,46991,3356,141,0.0036,0.076,0.611,0.0414
INF048,18,47215,1637,58,0.0048,0.039,0.612,0.0357
INF048,19,47722,3004,74,0.0107,0.1,0.574,0.0453
INF048,20,47908,2266,78,0.0039,0.069,0.663,0.0327
INF048,21,48305,3059,115,0.0083,0.074,0.61,0.0535
INF048,22,48546,2647,126,0.005,0.042,0.632,0.0359
INF048,23,48749,3316,81,0.0042,0.12,0.575,0.0373
INF048,24,48997,1670,50,0.0051,0.089,0.593,0.0491
INF048,25,49368,1305,27,0.0076,0.094,0.555,0.0374
INF048,26,49729,3077,185,0.0073,0.04,0.571,0.0462
INF049,1,85653,4220,197,0.0,0.167,0.756,0.0615
INF049,2,86091,5458,171,0.0051,0.153,0.728,0.0674
INF049,3,86646,4254,97,0.0064,0.162,0.702,0.0604
INF049,4,86886,3880,135,0.0028,0.207,0.78,0.0705
INF049,5,87559,4983,102,0.0078,0.207,0.75,0.0872
INF049,6,87719,3327,144,0.0018,0.205,0.714,0.1057
INF049,7,87957,4487,84,0.0027,0.186,0.725,0.0814
INF049,8,88455,4912,132,0.0057,0.201,0.784,0.0804
INF049,9,89134,3172,75,0.0077,0.204,0.736,0.0797
INF049,10,89238,3591,90,0.0012,0.182,0.777,0.09
INF049,11,89865,3104,92,0.007,0.222,0.729,0.0803
INF049,12,90411,2910,122,0.0061,0.208,0.759,0.064
INF049,13,90828,4263,93,0.0046,0.178,0.758,0.0781
INF049,14,91793,4943,102,0.0106,0.208,0.743,0.0854
INF049,15,92714,4691,137,0.01,0.142,0.811,0.0774
INF049,16,93229,3946,88,0.0056,0.228,0.781,0.0807
INF049,17,93852,3383,106,0.0067,0.197,0.759,0.0827
INF049,18,94330,6411,128,0.0051,0.211,0.794,0.0713
INF049,19,95080,5127,126,0.0079,0.228,0.722,0.0903
INF049,20,96051,5602,203,0.0102,0.182,0.738,0.0656
INF049,21,96803,3264,80,0.0078,0.187,0.745,0.1072
INF049,22,96880,4989,131,0.0008,0.239,0.757,0.0716
INF049,23,97748,3724,66,0.009,0.173,0.741,0.0748
INF049,24,98372,4661,153,0.0064,0.191,0.784,0.0985
INF049,25,99521,4358,100,0.0117,0.18,0.7,0.0755
INF049,26,100005,4750,109,0.0049,0.191,0.734,0.0929
INF050,1,55099,1314,51,0.0,0.155,0.615,0.0396
INF050,2,55620,1224,35,0.0095,0.204,0.637,0.0436
INF050,3,55782,2388,60,0.0029,0.185,0.621,0.0389
INF050,4,55848,2367,75,0.0012,0.188,0.63,0.0453
INF050,5,56291,2402,77,0.0079,0.241,0.59,0.0561
INF050,6,56951,3214,149,0.0117,0.157,0.613,0.0686
INF050,7,57592,1941,76,0.0112,0.2,0.57,0.0533
INF050,8,57783,2552,100,0.0033,0.159,0.622,0.0525
INF050,9,58273,1615,63,0.0085,0.178,0.667,0.0521
INF050,10,58737,2562,104,0.008,0.172,0.613,0.0593
INF050,11,58995,2110,73,0.0044,0.174,0.555,0.0527
INF050,12,59346,2160,71,0.0059,0.138,0.558,0.042
INF050,13,60053,2765,83,0.0119,0.136,0.599,0.0516
INF050,14,60456,3053,96,0.0067,0.139,0.592,0.0563
INF050,15,60704,2851,143,0.0041,0.23,0.615,0.0507
INF050,16,60921,1627,44,0.0036,0.153,0.559,0.0527
INF050,17,61566,2335,54,0.0106,0.185,0.611,0.0542
INF050,18,62014,2233,68,0.0073,0.21,0.596,0.0469
INF050,19,62386,2246,75,0.006,0.164,0.625,0.0592
INF050,20,62754,2409,98,0.0059,0.107,0.615,0.0429
INF050,21,62895,2230,56,0.0022,0.159,0.635,0.0696
INF050,22,63257,2421,85,0.0058,0.198,0.602,0.0468
INF050,23,63693,2669,73,0.0069,0.168,0.571,0.0488
INF050,24,64157,1958,65,0.0073,0.165,0.625,0.0643
INF050,25,64632,2249,86,0.0074,0.233,0.563,0.049
INF050,26,65320,2038,80,0.0106,0.226,0.614,0.0607
INF051,1,70633,1731,52,0.0,0.06,0.492,0.0507
INF051,2,70863,2059,60,0.0033,0.105,0.541,0.0555
INF051,3,71254,2120,34,0.0055,0.09,0.539,0.0497
INF051,4,71999,1709,50,0.0105,0.042,0.517,0.0584
INF051,5,72528,1153,25,0.0073,0.092,0.528,0.0722
INF051,6,72901,1504,37,0.0051,0.093,0.536,0.0879
INF051,7,73286,1267,37,0.0053,0.115,0.52,0.0678
INF051,8,73614,1678,39,0.0045,0.049,0.504,0.0669
INF051,9,74330,1457,49,0.0097,0.058,0.471,0.0664
INF051,10,75244,1212,30,0.0123,0.03,0.573,0.0759
INF051,11,75926,1801,68,0.0091,0.066,0.523,0.0678
INF051,12,76124,1498,35,0.0026,0.062,0.479,0.0539
INF051,13,76653,1467,45,0.0069,0.089,0.54,0.0659
INF051,14,77417,1671,54,0.01,0.022,0.539,0.0721
INF051,15,78061,2462,86,0.0083,0.081,0.609,0.0652
INF051,16,78362,2262,52,0.0039,0.037,0.501,0.0678
INF051,17,79032,3350,142,0.0085,0.057,0.546,0.0696
INF051,18,79937,1905,67,0.0115,0.103,0.481,0.0604
INF051,19,80506,2194,62,0.0071,0.021,0.533,0.0765
INF051,20,80763,3262,68,0.0032,0.044,0.559,0.0552
INF051,21,81108,2797,99,0.0043,0.032,0.54,0.0898
INF051,22,81637,2065,64,0.0065,0.016,0.479,0.0604
INF051,23,82110,2878,79,0.0058,0.063,0.498,0.0629
INF051,24,82751,2638,105,0.0078,0.122,0.537,0.0829
INF051,25,83358,2323,112,0.0073,0.099,0.588,0.0632
INF051,26,83803,2597,54,0.0053,0.018,0.501,0.0779
INF052,1,230599,14391,395,0.0,0.075,0.58,0.1656
INF052,2,232388,10897,275,0.0078,0.044,0.551,0.182
INF052,3,233394,7708,251,0.0043,0.054,0.522,0.1627
INF052,4,234608,13112,297,0.0052,0.072,0.535,0.1902
INF052,5,237194,12719,344,0.011,0.047,0.558,0.2362
INF052,6,238891,12915,434,0.0072,0.056,0.56,0.288
INF052,7,239521,12081,201,0.0026,0.052,0.613,0.2216
INF052,8,241263,12314,406,0.0073,0.087,0.577,0.2192
INF052,9,243806,14031,216,0.0105,0.0,0.556,0.2179
INF052,10,246328,13972,386,0.0103,0.05,0.583,0.2485
INF052,11,248445,10996,417,0.0086,0.044,0.521,0.2219
INF052,12,251315,22251,631,0.0116,0.07,0.573,0.1779
INF052,13,253089,10050,325,0.0071,0.108,0.574,0.2175
INF052,14,254235,10720,396,0.0045,0.083,0.534,0.2366
INF052,15,256464,9182,221,0.0088,0.067,0.614,0.2141
INF052,16,258858,11842,271,0.0093,0.05,0.634,0.224
INF052,17,259748,15137,423,0.0034,0.036,0.605,0.2288
INF052,18,261881,18313,593,0.0082,0.057,0.551,0.198
INF052,19,263697,16309,358,0.0069,0.082,0.581,0.2504
INF052,20,265046,12008,374,0.0051,0.052,0.532,0.1811
INF052,21,266791,13922,379,0.0066,0.075,0.579,0.2954
INF052,22,268490,14294,376,0.0064,0.05,0.539,0.1986
INF052,23,271970,15969,312,0.013,0.034,0.64,0.2082
INF052,24,273034,17579,898,0.0039,0.11,0.581,0.2735
INF052,25,273231,21910,778,0.0007,0.103,0.622,0.2072
INF052,26,273921,12467,357,0.0025,0.036,0.565,0.2545
INF053,1,46748,1111,32,0.0,0.0,0.789,0.0336
INF053,2,47099,1697,51,0.0075,0.061,0.772,0.0369
INF053,3,47597,2721,71,0.0106,0.032,0.784,0.0332
INF053,4,47759,1459,55,0.0034,0.049,0.782,0.0387
INF053,5,48164,2084,69,0.0085,0.054,0.72,0.048
INF053,6,48447,1510,40,0.0059,0.027,0.72,0.0584
INF053,7,48848,1367,25,0.0083,0.057,0.774,0.0452
INF053,8,49309,2503,51,0.0094,0.062,0.75,0.0448
INF053,9,49657,2733,73,0.0071,0.006,0.765,0.0444
INF053,10,50101,2785,50,0.0089,0.035,0.719,0.0505
INF053,11,50395,1130,25,0.0059,0.045,0.759,0.045
INF053,12,50813,1751,44,0.0083,0.059,0.749,0.036
INF053,13,51245,1184,29,0.0085,0.034,0.75,0.044
INF053,14,51773,2193,57,0.0103,0.077,0.72,0.0482
INF053,15,52025,1455,27,0.0049,0.043,0.778,0.0434
INF053,16,52477,1443,35,0.0087,0.065,0.716,0.0454
INF053,17,52766,3284,101,0.0055,0.117,0.737,0.0465
INF053,18,53021,2298,58,0.0048,0.06,0.745,0.0401
INF053,19,53365,2890,77,0.0065,0.011,0.758,0.0507
INF053,20,53570,4310,97,0.0038,0.106,0.732,0.0366
INF053,21,54013,2205,39,0.0083,0.085,0.727,0.0598
INF053,22,54027,1523,34,0.0003,0.094,0.766,0.04
INF053,23,54213,2231,49,0.0034,0.05,0.715,0.0415
INF053,24,54413,2579,103,0.0037,0.013,0.755,0.0545
INF053,25,54976,2226,45,0.0103,0.035,0.734,0.0417
INF053,26,55581,3255,78,0.011,0.093,0.764,0.0516
INF054,1,28137,834,32,0.0,0.764,0.129,0.0202
INF054,2,28518,1046,38,0.0136,0.727,0.098,0.0223
INF054,3,28647,1236,31,0.0045,0.752,0.141,0.02
INF054,4,28717,1185,41,0.0024,0.692,0.137,0.0233
INF054,5,28941,986,59,0.0078,0.74,0.114,0.0288
INF054,6,29092,873,44,0.0052,0.772,0.144,0.0351
INF054,7,29418,1084,57,0.0112,0.683,0.115,0.0272
INF054,8,29659,1155,106,0.0082,0.709,0.145,0.027
INF054,9,29868,968,30,0.007,0.738,0.164,0.0267
INF054,10,30041,776,59,0.0058,0.76,0.137,0.0303
INF054,11,30095,1245,55,0.0018,0.719,0.059,0.0269
INF054,12,30447,957,56,0.0117,0.748,0.143,0.0216
INF054,13,30741,1161,61,0.0097,0.743,0.113,0.0264
INF054,14,31022,1054,62,0.0091,0.736,0.182,0.0289
INF054,15,31312,1016,48,0.0093,0.753,0.175,0.0261
INF054,16,31364,896,40,0.0017,0.74,0.111,0.0271
INF054,17,31507,959,28,0.0046,0.763,0.13,0.0278
INF054,18,31736,1009,49,0.0073,0.719,0.089,0.024
INF054,19,32029,984,44,0.0092,0.752,0.182,0.0304
INF054,20,32315,1121,44,0.0089,0.698,0.102,0.0221
INF054,21,32706,894,25,0.0121,0.769,0.174,0.0362
INF054,22,32778,1589,61,0.0022,0.76,0.166,0.0242
INF054,23,33012,1503,52,0.0072,0.765,0.104,0.0253
INF054,24,33371,1389,68,0.0109,0.705,0.134,0.0334
INF054,25,33755,962,57,0.0115,0.717,0.182,0.0256
INF054,26,34042,1184,85,0.0085,0.738,0.175,0.0316
INF055,1,32153,1214,13,0.0,0.077,0.617,0.0231
INF055,2,32300,1804,30,0.0046,0.111,0.634,0.0253
INF055,3,32580,1254,17,0.0087,0.106,0.665,0.0227
INF055,4,32770,1139,23,0.0058,0.105,0.693,0.0266
INF055,5,32771,1194,20,0.0,0.124,0.616,0.0326
INF055,6,33119,1646,23,0.0106,0.081,0.653,0.0399
INF055,7,33494,1098,24,0.0113,0.163,0.646,0.031
INF055,8,33820,886,23,0.0097,0.088,0.668,0.0307
INF055,9,34185,1660,37,0.0108,0.132,0.691,0.0306
INF055,10,34379,1119,26,0.0057,0.177,0.673,0.0347
INF055,11,34593,1440,18,0.0062,0.109,0.624,0.0309
INF055,12,34915,2419,58,0.0093,0.134,0.611,0.0247
INF055,13,35115,1579,34,0.0057,0.118,0.667,0.0302
INF055,14,35299,818,19,0.0052,0.177,0.634,0.0329
INF055,15,35497,1535,26,0.0056,0.114,0.641,0.0296
INF055,16,35698,1965,38,0.0057,0.119,0.671,0.0309
INF055,17,35812,1139,35,0.0032,0.085,0.649,0.0315
INF055,18,35959,1407,34,0.0041,0.133,0.688,0.0272
INF055,19,36191,1643,31,0.0065,0.181,0.695,0.0344
INF055,20,36512,1717,40,0.0089,0.106,0.64,0.0249
INF055,21,36761,1097,22,0.0068,0.109,0.634,0.0407
INF055,22,36853,1749,55,0.0025,0.087,0.675,0.0273
INF055,23,37145,1384,21,0.0079,0.116,0.62,0.0284
INF055,24,37518,1454,37,0.01,0.144,0.663,0.0376
INF055,25,37683,1711,49,0.0044,0.133,0.717,0.0286
INF055,26,37782,1150,18,0.0026,0.108,0.628,0.0351
INF056,1,37296,2312,83,0.0,0.152,0.699,0.0268
INF056,2,37420,1377,38,0.0033,0.102,0.759,0.0293
INF056,3,37701,1360,45,0.0075,0.066,0.723,0.0263
INF056,4,37814,1848,59,0.003,0.093,0.705,0.0307
INF056,5,38115,2316,112,0.008,0.056,0.695,0.038
INF056,6,38289,1365,59,0.0046,0.07,0.655,0.0462
INF056,7,38321,1542,29,0.0008,0.143,0.62,0.0354
INF056,8,38818,1462,38,0.013,0.105,0.687,0.0353
INF056,9,38994,1521,56,0.0045,0.12,0.657,0.0348
INF056,10,39268,1738,48,0.007,0.154,0.726,0.0396
INF056,11,39433,1869,71,0.0042,0.123,0.723,0.0352
INF056,12,39774,1501,39,0.0086,0.121,0.706,0.0282
INF056,13,40082,1106,42,0.0078,0.082,0.728,0.0345
INF056,14,40378,1948,55,0.0074,0.095,0.633,0.0376
INF056,15,40631,754,21,0.0063,0.109,0.67,0.0339
INF056,16,41096,2313,61,0.0115,0.099,0.734,0.0356
INF056,17,41169,1642,50,0.0018,0.14,0.773,0.0363
INF056,18,41236,1493,26,0.0016,0.119,0.708,0.0312
INF056,19,41524,1650,53,0.007,0.103,0.721,0.0394
INF056,20,41698,1527,48,0.0042,0.118,0.682,0.0285
INF056,21,41900,1837,48,0.0048,0.133,0.753,0.0464
INF056,22,42220,1390,37,0.0076,0.095,0.725,0.0312
INF056,23,42433,2087,28,0.005,0.094,0.671,0.0325
INF056,24,42845,3362,104,0.0097,0.069,0.716,0.0429
INF056,25,43025,1404,34,0.0042,0.09,0.675,0.0326
INF056,26,43158,1602,57,0.0031,0.135,0.743,0.0401
INF057,1,33390,1090,39,0.0,0.093,0.528,0.024
INF057,2,33563,1746,72,0.0052,0.116,0.537,0.0263
INF057,3,33733,735,25,0.005,0.104,0.494,0.0235
INF057,4,34084,1416,58,0.0104,0.089,0.549,0.0276
INF057,5,34461,1215,56,0.0111,0.094,0.514,0.0343
INF057,6,34573,1156,62,0.0032,0.098,0.523,0.0417
INF057,7,34731,1380,51,0.0046,0.064,0.525,0.0321
INF057,8,34879,1572,100,0.0042,0.113,0.494,0.0317
INF057,9,35026,1046,43,0.0042,0.133,0.518,0.0313
INF057,10,35475,1504,40,0.0128,0.118,0.494,0.0358
INF057,11,35641,1761,83,0.0047,0.104,0.495,0.0318
INF057,12,35966,1650,97,0.0091,0.122,0.498,0.0255
INF057,13,36115,1461,54,0.0042,0.108,0.504,0.031
INF057,14,36281,1190,61,0.0046,0.089,0.504,0.0338
INF057,15,36598,1565,57,0.0087,0.048,0.582,0.0305
INF057,16,36815,873,44,0.0059,0.131,0.522,0.0319
INF057,17,36963,1675,64,0.004,0.073,0.507,0.0326
INF057,18,37229,1914,69,0.0072,0.105,0.557,0.0281
INF057,19,37395,1850,91,0.0045,0.052,0.555,0.0355
INF057,20,37489,2509,133,0.0025,0.13,0.552,0.0256
INF057,21,37679,1683,124,0.0051,0.101,0.517,0.0417
INF057,22,37869,1384,76,0.0051,0.181,0.557,0.028
INF057,23,38091,1371,68,0.0059,0.077,0.535,0.0292
INF057,24,38473,2087,71,0.01,0.089,0.535,0.0385
INF057,25,38686,1494,59,0.0055,0.104,0.567,0.0293
INF057,26,39051,1172,48,0.0094,0.091,0.527,0.0363
INF058,1,4520,132,5,0.0,0.158,0.665,0.0032
INF058,2,4544,107,4,0.0053,0.155,0.638,0.0036
INF058,3,4566,162,3,0.0049,0.12,0.646,0.0032
INF058,4,4590,107,4,0.0054,0.15,0.643,0.0037
INF058,5,4629,107,4,0.0084,0.146,0.626,0.0046
INF058,6,4647,142,3,0.0038,0.128,0.612,0.0056
INF058,7,4672,196,7,0.0055,0.124,0.636,0.0043
INF058,8,4707,145,4,0.0075,0.163,0.671,0.0043
INF058,9,4750,91,4,0.0091,0.148,0.633,0.0042
INF058,10,4771,173,4,0.0044,0.099,0.66,0.0048
INF058,11,4813,125,3,0.0089,0.163,0.625,0.0043
INF058,12,4843,174,5,0.0062,0.112,0.664,0.0034
INF058,13,4888,99,4,0.0091,0.132,0.636,0.0042
INF058,14,4924,164,4,0.0074,0.144,0.62,0.0046
INF058,15,4950,140,4,0.0054,0.145,0.638,0.0041
INF058,16,4994,107,1,0.0088,0.14,0.607,0.0043
INF058,17,5010,137,4,0.0033,0.114,0.674,0.0044
INF058,18,5054,161,7,0.0087,0.125,0.623,0.0038
INF058,19,5094,118,3,0.008,0.156,0.624,0.0048
INF058,20,5128,209,7,0.0067,0.159,0.674,0.0035
INF058,21,5188,123,3,0.0117,0.157,0.579,0.0057
INF058,22,5233,113,3,0.0086,0.168,0.626,0.0039
INF058,23,5270,159,3,0.0071,0.173,0.608,0.004
INF058,24,5284,159,4,0.0028,0.16,0.662,0.0053
INF058,25,5344,173,5,0.0114,0.102,0.647,0.0041
INF058,26,5391,165,2,0.0086,0.127,0.618,0.005
INF059,1,56059,2456,75,0.0,0.073,0.493,0.0403
INF059,2,56503,2122,47,0.0079,0.061,0.528,0.0443
INF059,3,56607,2479,71,0.0018,0.077,0.501,0.0395
INF059,4,57038,1275,32,0.0076,0.092,0.515,0.0462
INF059,5,57187,1734,53,0.0026,0.013,0.517,0.057
INF059,6,57637,1908,88,0.0079,0.1,0.536,0.0695
INF059,7,58016,2479,84,0.0066,0.13,0.53,0.0537
INF059,8,58392,1929,45,0.0065,0.119,0.495,0.0531
INF059,9,58788,1638,58,0.0068,0.07,0.48,0.0525
INF059,10,59468,1754,67,0.0116,0.12,0.501,0.06
INF059,11,59486,2912,97,0.0003,0.072,0.512,0.0531
INF059,12,59905,1769,72,0.007,0.102,0.483,0.0424
INF059,13,60106,1932,84,0.0033,0.097,0.476,0.0517
INF059,14,60795,2738,115,0.0115,0.098,0.506,0.0566
INF059,15,61069,1852,56,0.0045,0.077,0.502,0.051
INF059,16,61322,3093,105,0.0041,0.105,0.546,0.0531
INF059,17,61540,2188,43,0.0035,0.074,0.517,0.0542
INF059,18,61832,2458,101,0.0048,0.095,0.501,0.0468
INF059,19,61889,1746,45,0.0009,0.119,0.508,0.0588
INF059,20,62537,1979,48,0.0105,0.1,0.539,0.0427
INF059,21,62987,3148,98,0.0072,0.099,0.464,0.0697
INF059,22,63701,1891,79,0.0113,0.134,0.567,0.0471
INF059,23,64229,1792,78,0.0083,0.105,0.501,0.0492
INF059,24,64704,2187,56,0.0074,0.1,0.498,0.0648
INF059,25,64925,2084,62,0.0034,0.07,0.539,0.0492
INF059,26,65546,2011,40,0.0096,0.048,0.477,0.0609
INF060,1,252688,12622,212,0.0,0.099,0.576,0.1815
INF060,2,254634,11932,286,0.0077,0.044,0.572,0.1995
INF060,3,257116,10918,306,0.0097,0.069,0.585,0.1792
INF060,4,259248,10077,222,0.0083,0.024,0.583,0.2102
INF060,5,261091,9807,212,0.0071,0.023,0.577,0.26
INF060,6,262763,8749,147,0.0064,0.06,0.535,0.3167
INF060,7,264813,13100,378,0.0078,0.095,0.56,0.245
INF060,8,266615,7479,105,0.0068,0.104,0.557,0.2423
INF060,9,267603,5847,79,0.0037,0.07,0.575,0.2392
INF060,10,269869,7821,221,0.0085,0.087,0.599,0.2722
INF060,11,271190,8362,120,0.0049,0.104,0.577,0.2422
INF060,12,272250,10894,284,0.0039,0.099,0.525,0.1928
INF060,13,275378,15911,591,0.0115,0.117,0.601,0.2367
INF060,14,276327,11219,249,0.0034,0.004,0.609,0.2572
INF060,15,278099,7100,158,0.0064,0.101,0.641,0.2321
INF060,16,278893,9519,243,0.0029,0.078,0.592,0.2414
INF060,17,280181,13052,358,0.0046,0.064,0.564,0.2468
INF060,18,283299,10280,172,0.0111,0.094,0.609,0.2142
INF060,19,285629,11527,347,0.0082,0.037,0.574,0.2713
INF060,20,287714,6351,140,0.0073,0.049,0.599,0.1965
INF060,21,289434,9840,192,0.006,0.098,0.569,0.3204
INF060,22,291079,13012,318,0.0057,0.097,0.575,0.2153
INF060,23,293651,11460,247,0.0088,0.085,0.606,0.2248
INF060,24,294589,10804,231,0.0032,0.082,0.603,0.2951
INF060,25,296930,9875,371,0.0079,0.022,0.573,0.2252
INF060,26,298612,12147,181,0.0057,0.021,0.601,0.2774
INF061,1,47497,1822,93,0.0,0.127,0.709,0.0341
INF061,2,47793,2708,118,0.0062,0.088,0.692,0.0374
INF061,3,48030,2886,141,0.005,0.104,0.738,0.0335
INF061,4,48445,2504,129,0.0086,0.05,0.671,0.0393
INF061,5,48684,2000,92,0.0049,0.051,0.71,0.0485
INF061,6,49124,2426,121,0.009,0.136,0.69,0.0592
INF061,7,49525,3180,233,0.0082,0.09,0.662,0.0458
INF061,8,49943,2066,100,0.0084,0.044,0.741,0.0454
INF061,9,50296,3911,138,0.0071,0.127,0.687,0.0449
INF061,10,50343,2529,148,0.0009,0.179,0.68,0.0508
INF061,11,50613,3299,260,0.0054,0.066,0.716,0.0452
INF061,12,51068,2730,143,0.009,0.136,0.763,0.0362
INF061,13,51430,3445,155,0.0071,0.065,0.719,0.0442
INF061,14,51799,5378,168,0.0072,0.133,0.708,0.0482
INF061,15,52168,2584,97,0.0071,0.103,0.707,0.0435
INF061,16,52484,2945,217,0.0061,0.074,0.679,0.0454
INF061,17,52646,2663,116,0.0031,0.163,0.636,0.0464
INF061,18,53007,2684,96,0.0069,0.101,0.714,0.0401
INF061,19,53473,3380,187,0.0088,0.092,0.681,0.0508
INF061,20,53776,2798,159,0.0057,0.071,0.675,0.0367
INF061,21,53889,2146,67,0.0021,0.109,0.738,0.0597
INF061,22,54111,2565,120,0.0041,0.085,0.647,0.04
INF061,23,54405,3668,131,0.0054,0.067,0.721,0.0416
INF061,24,54830,2082,85,0.0078,0.112,0.669,0.0549
INF061,25,55136,3320,179,0.0056,0.132,0.687,0.0418
INF061,26,55186,3483,112,0.0009,0.104,0.738,0.0513
INF062,1,13021,773,25,0.0,0.164,0.548,0.0094
INF062,2,13062,481,16,0.0031,0.156,0.544,0.0102
INF062,3,13116,849,36,0.0041,0.144,0.494,0.0091
INF062,4,13272,477,15,0.0119,0.115,0.545,0.0108
INF062,5,13327,679,14,0.0041,0.2,0.524,0.0133
INF062,6,13363,1207,30,0.0027,0.183,0.541,0.0161
INF062,7,13430,752,39,0.005,0.156,0.553,0.0124
INF062,8,13509,1020,30,0.0059,0.179,0.617,0.0123
INF062,9,13573,408,16,0.0047,0.153,0.534,0.0121
INF062,10,13715,852,26,0.0105,0.131,0.553,0.0138
INF062,11,13830,698,18,0.0084,0.123,0.538,0.0124
INF062,12,13943,645,20,0.0082,0.153,0.507,0.0099
INF062,13,13965,596,22,0.0016,0.158,0.563,0.012
INF062,14,14068,915,26,0.0074,0.157,0.53,0.0131
INF062,15,14089,662,22,0.0015,0.152,0.579,0.0118
INF062,16,14108,723,26,0.0013,0.156,0.629,0.0122
INF062,17,14221,672,15,0.008,0.178,0.564,0.0125
INF062,18,14256,759,36,0.0025,0.141,0.585,0.0108
INF062,19,14378,558,14,0.0086,0.192,0.547,0.0137
INF062,20,14502,906,25,0.0086,0.123,0.514,0.0099
INF062,21,14651,692,12,0.0103,0.171,0.528,0.0162
INF062,22,14644,484,12,-0.0005,0.159,0.544,0.0108
INF062,23,14742,467,17,0.0067,0.151,0.552,0.0113
INF062,24,14833,815,20,0.0062,0.188,0.511,0.0149
INF062,25,14855,1225,36,0.0014,0.181,0.556,0.0113
INF062,26,14894,872,40,0.0027,0.139,0.576,0.0138
INF063,1,18318,1042,34,0.0,0.156,0.639,0.0132
INF063,2,18369,670,29,0.0028,0.164,0.607,0.0144
INF063,3,18570,572,45,0.011,0.133,0.666,0.0129
INF063,4,18626,927,61,0.003,0.189,0.673,0.0151
INF063,5,18669,499,29,0.0023,0.122,0.629,0.0186
INF063,6,18823,773,30,0.0083,0.148,0.625,0.0227
INF063,7,18907,859,67,0.0045,0.148,0.646,0.0175
INF063,8,18952,918,58,0.0024,0.112,0.666,0.0172
INF063,9,19218,488,26,0.0141,0.135,0.65,0.0172
INF063,10,19331,1061,35,0.0059,0.161,0.676,0.0195
INF063,11,19420,794,31,0.0046,0.142,0.662,0.0173
INF063,12,19513,745,41,0.0048,0.186,0.671,0.0138
INF063,13,19611,868,37,0.005,0.17,0.645,0.0169
INF063,14,19677,910,50,0.0034,0.211,0.639,0.0183
INF063,15,19814,913,33,0.0069,0.205,0.609,0.0165
INF063,16,19937,788,32,0.0062,0.132,0.595,0.0173
INF063,17,20070,848,46,0.0067,0.114,0.551,0.0177
INF063,18,20271,934,35,0.01,0.11,0.639,0.0153
INF063,19,20351,656,35,0.0039,0.198,0.585,0.0193
INF063,20,20433,767,40,0.004,0.169,0.646,0.014
INF063,21,20648,1059,32,0.0106,0.109,0.645,0.0229
INF063,22,20723,514,30,0.0036,0.175,0.655,0.0153
INF063,23,20843,936,68,0.0058,0.127,0.649,0.016
INF063,24,21000,910,52,0.0075,0.139,0.605,0.021
INF063,25,21135,1148,57,0.0064,0.144,0.644,0.016
INF063,26,21180,953,33,0.0021,0.119,0.676,0.0197
INF064,1,17558,1213,65,0.0,0.125,0.747,0.0126
INF064,2,17680,1095,42,0.007,0.067,0.746,0.0138
INF064,3,17780,1271,41,0.0057,0.1,0.767,0.0124
INF064,4,17857,1048,46,0.0043,0.088,0.72,0.0145
INF064,5,17937,1105,44,0.0045,0.071,0.775,0.0179
INF064,6,18102,1458,79,0.0092,0.068,0.734,0.0218
INF064,7,18333,903,51,0.0128,0.092,0.747,0.017
INF064,8,18371,576,25,0.0021,0.123,0.695,0.0167
INF064,9,18494,847,31,0.0067,0.094,0.807,0.0165
INF064,10,18609,1482,48,0.0062,0.081,0.715,0.0188
INF064,11,18639,1133,43,0.0016,0.051,0.756,0.0166
INF064,12,18678,649,21,0.0021,0.113,0.734,0.0132
INF064,13,18839,1294,90,0.0086,0.073,0.788,0.0162
INF064,14,18944,918,64,0.0056,0.128,0.733,0.0176
INF064,15,19053,1629,104,0.0057,0.094,0.706,0.0159
INF064,16,19230,1200,69,0.0093,0.021,0.758,0.0166
INF064,17,19407,1508,42,0.0092,0.089,0.734,0.0171
INF064,18,19425,899,45,0.0009,0.074,0.743,0.0147
INF064,19,19556,729,39,0.0068,0.063,0.706,0.0186
INF064,20,19672,1017,48,0.0059,0.069,0.776,0.0134
INF064,21,19785,658,45,0.0057,0.005,0.715,0.0219
INF064,22,19829,939,44,0.0023,0.142,0.772,0.0147
INF064,23,19921,1001,44,0.0046,0.042,0.725,0.0153
INF064,24,19991,1098,72,0.0035,0.161,0.77,0.02
INF064,25,20141,671,33,0.0075,0.052,0.727,0.0153
INF064,26,20172,1033,43,0.0016,0.038,0.73,0.0187
INF065,1,4505,258,8,0.0,0.654,0.222,0.0032
INF065,2,4565,185,5,0.0132,0.701,0.236,0.0036
INF065,3,4596,159,3,0.0069,0.727,0.212,0.0032
INF065,4,4620,303,7,0.0053,0.698,0.222,0.0037
INF065,5,4614,275,4,-0.0013,0.701,0.179,0.0046
INF065,6,4670,273,10,0.012,0.695,0.152,0.0056
INF065,7,4724,157,2,0.0116,0.692,0.206,0.0044
INF065,8,4749,258,7,0.0052,0.659,0.176,0.0043
INF065,9,4753,229,5,0.0009,0.765,0.197,0.0042
INF065,10,4769,375,11,0.0034,0.672,0.241,0.0048
INF065,11,4791,340,7,0.0045,0.739,0.232,0.0043
INF065,12,4809,206,6,0.0039,0.66,0.252,0.0034
INF065,13,4832,270,5,0.0047,0.65,0.194,0.0042
INF065,14,4864,414,12,0.0065,0.678,0.233,0.0045
INF065,15,4902,254,5,0.008,0.635,0.154,0.0041
INF065,16,4912,233,7,0.002,0.71,0.216,0.0043
INF065,17,4968,236,11,0.0113,0.686,0.167,0.0044
INF065,18,5004,241,7,0.0073,0.731,0.229,0.0038
INF065,19,5014,206,7,0.0019,0.718,0.248,0.0048
INF065,20,5027,269,8,0.0027,0.71,0.213,0.0034
INF065,21,5039,470,10,0.0023,0.697,0.224,0.0056
INF065,22,5089,306,13,0.0099,0.681,0.19,0.0038
INF065,23,5133,396,11,0.0088,0.747,0.208,0.0039
INF065,24,5170,270,6,0.0072,0.733,0.157,0.0052
INF065,25,5193,309,7,0.0045,0.759,0.195,0.0039
INF065,26,5220,393,7,0.0051,0.682,0.229,0.0048
INF066,1,29760,1430,62,0.0,0.228,0.645,0.0214
INF066,2,29987,880,26,0.0076,0.252,0.627,0.0235
INF066,3,30255,1198,56,0.0089,0.201,0.634,0.0211
INF066,4,30289,1888,79,0.0011,0.221,0.63,0.0246
INF066,5,30492,1203,47,0.0067,0.212,0.583,0.0304
INF066,6,30661,1097,45,0.0055,0.263,0.707,0.037
INF066,7,30850,1403,39,0.0061,0.167,0.618,0.0285
INF066,8,31041,1433,80,0.0062,0.245,0.611,0.0282
INF066,9,31161,1734,78,0.0039,0.151,0.64,0.0278
INF066,10,31346,1114,36,0.0059,0.249,0.566,0.0316
INF066,11,31566,1285,49,0.007,0.202,0.644,0.0282
INF066,12,31841,1139,57,0.0087,0.138,0.543,0.0225
INF066,13,32066,2016,119,0.0071,0.238,0.671,0.0276
INF066,14,32309,2293,103,0.0076,0.162,0.62,0.0301
INF066,15,32550,1216,43,0.0075,0.227,0.616,0.0272
INF066,16,32671,1469,47,0.0037,0.169,0.643,0.0283
INF066,17,32978,2436,83,0.0094,0.204,0.626,0.0291
INF066,18,33231,1225,70,0.0077,0.232,0.636,0.0251
INF066,19,33546,2392,79,0.0095,0.184,0.646,0.0319
INF066,20,33809,1810,103,0.0079,0.231,0.602,0.0231
INF066,21,34050,1428,57,0.0071,0.182,0.594,0.0377
INF066,22,34357,2596,71,0.009,0.192,0.615,0.0254
INF066,23,34659,2049,71,0.0088,0.196,0.621,0.0265
INF066,24,34843,1911,53,0.0053,0.232,0.638,0.0349
INF066,25,35050,2202,89,0.0059,0.223,0.634,0.0266
INF066,26,35301,2829,125,0.0072,0.209,0.612,0.0328
INF067,1,81183,4463,114,0.0,0.13,0.7,0.0583
INF067,2,81621,4617,191,0.0054,0.179,0.676,0.0639
INF067,3,81971,4345,76,0.0043,0.127,0.717,0.0571
INF067,4,82682,4306,164,0.0087,0.181,0.68,0.067
INF067,5,83346,5528,130,0.008,0.13,0.644,0.083
INF067,6,83943,4766,87,0.0072,0.165,0.705,0.1012
INF067,7,84284,4954,124,0.0041,0.106,0.679,0.078
INF067,8,85190,3467,70,0.0107,0.128,0.709,0.0774
INF067,9,85582,3649,154,0.0046,0.137,0.733,0.0765
INF067,10,85808,2918,115,0.0026,0.14,0.699,0.0866
INF067,11,86752,3954,185,0.011,0.147,0.744,0.0775
INF067,12,87075,4802,196,0.0037,0.115,0.657,0.0617
INF067,13,87486,4045,159,0.0047,0.091,0.726,0.0752
INF067,14,88217,4159,146,0.0083,0.061,0.683,0.0821
INF067,15,88966,7354,239,0.0085,0.121,0.71,0.0743
INF067,16,89466,4880,190,0.0056,0.127,0.714,0.0774
INF067,17,90034,6115,257,0.0064,0.16,0.692,0.0793
INF067,18,90043,5257,194,0.0001,0.124,0.704,0.0681
INF067,19,90136,4424,154,0.001,0.11,0.664,0.0856
INF067,20,90516,7141,192,0.0042,0.14,0.681,0.0618
INF067,21,90998,4959,178,0.0053,0.164,0.741,0.1007
INF067,22,91668,6007,184,0.0074,0.137,0.68,0.0678
INF067,23,92369,4995,155,0.0076,0.133,0.727,0.0707
INF067,24,92383,4606,151,0.0001,0.102,0.626,0.0925
INF067,25,93047,6427,199,0.0072,0.133,0.702,0.0706
INF067,26,93659,5293,238,0.0066,0.152,0.701,0.087
INF068,1,21091,1170,63,0.0,0.481,0.58,0.0151
INF068,2,21136,949,39,0.0021,0.448,0.667,0.0166
INF068,3,21276,1435,64,0.0066,0.462,0.543,0.0148
INF068,4,21443,963,58,0.0078,0.488,0.642,0.0174
INF068,5,31491,1430,62,0.4686,0.48,0.553,0.0314
INF068,6,31774,1983,40,0.009,0.492,0.604,0.0383
INF068,7,32147,1902,84,0.0118,0.489,0.533,0.0297
INF068,8,32530,2345,75,0.0119,0.409,0.581,0.0296
INF068,9,32778,1670,95,0.0076,0.431,0.569,0.0293
INF068,10,33044,1611,56,0.0081,0.46,0.568,0.0333
INF068,11,33403,1785,78,0.0109,0.48,0.588,0.0298
INF068,12,33672,2252,77,0.0081,0.451,0.585,0.0238
INF068,13,49622,2199,103,0.4737,0.489,0.577,0.0427
INF068,14,49949,2866,162,0.0066,0.476,0.556,0.0465
INF068,15,50074,3247,128,0.0025,0.461,0.563,0.0418
INF068,16,50288,2026,81,0.0043,0.466,0.629,0.0435
INF068,17,50606,3254,87,0.0063,0.425,0.564,0.0446
INF068,18,50846,3081,95,0.0047,0.468,0.602,0.0384
INF068,19,51383,2406,112,0.0106,0.489,0.615,0.0488
INF068,20,51527,2348,124,0.0028,0.455,0.629,0.0352
INF068,21,51924,2674,100,0.0077,0.482,0.585,0.0575
INF068,22,52484,2173,83,0.0108,0.463,0.571,0.0388
INF068,23,52945,2524,88,0.0088,0.464,0.617,0.0405
INF068,24,53462,2575,89,0.0098,0.483,0.577,0.0536
INF068,25,53805,2323,123,0.0064,0.489,0.571,0.0408
INF068,26,53916,2964,95,0.0021,0.481,0.552,0.0501
INF069,1,18450,1278,15,0.0,0.667,0.246,0.0133
INF069,2,18510,2059,12,0.0032,0.687,0.226,0.0145
INF069,3,18659,3169,40,0.0081,0.639,0.257,0.013
INF069,4,18832,1915,20,0.0092,0.689,0.272,0.0153
INF069,5,18890,2172,16,0.0031,0.618,0.295,0.0188
INF069,6,19016,1236,9,0.0067,0.617,0.259,0.0229
INF069,7,19104,2165,20,0.0046,0.59,0.304,0.0177
INF069,8,19226,1597,14,0.0064,0.656,0.231,0.0175
INF069,9,19283,2460,17,0.003,0.63,0.298,0.0172
INF069,10,19334,1867,11,0.0026,0.593,0.258,0.0195
INF069,11,19368,1851,14,0.0018,0.647,0.297,0.0173
INF069,12,19601,1582,13,0.012,0.634,0.219,0.0139
INF069,13,19703,1070,8,0.0052,0.668,0.227,0.0169
INF069,14,28038,1533,15,0.4231,0.648,0.287,0.0261
INF069,15,28289,3447,34,0.0089,0.642,0.305,0.0236
INF069,16,28496,4825,67,0.0073,0.625,0.227,0.0247
INF069,17,28563,3747,25,0.0023,0.6,0.234,0.0252
INF069,18,28826,2794,18,0.0092,0.635,0.29,0.0218
INF069,19,28929,3177,34,0.0036,0.604,0.268,0.0275
INF069,20,29091,3092,25,0.0056,0.565,0.255,0.0199
INF069,21,29316,4713,47,0.0077,0.62,0.257,0.0325
INF069,22,29563,3737,31,0.0084,0.61,0.269,0.0219
INF069,23,29602,4862,39,0.0013,0.619,0.206,0.0227
INF069,24,29849,2781,34,0.0084,0.6,0.253,0.0299
INF069,25,43450,4692,29,0.4556,0.638,0.28,0.033
INF069,26,43722,4583,34,0.0063,0.613,0.193,0.0406
INF070,1,71873,2634,86,0.0,0.056,0.511,0.0516
INF070,2,72193,3778,93,0.0044,0.063,0.488,0.0566
INF070,3,72584,3412,146,0.0054,0.087,0.477,0.0506
INF070,4,73217,3506,231,0.0087,0.037,0.494,0.0594
INF070,5,73611,2763,123,0.0054,0.028,0.468,0.0733
INF070,6,74419,2619,93,0.011,0.005,0.483,0.0897
INF070,7,75118,2377,74,0.0094,0.023,0.508,0.0695
INF070,8,75883,3726,118,0.0102,0.094,0.557,0.069
INF070,9,76470,2590,89,0.0077,0.018,0.458,0.0683
INF070,10,77184,3993,143,0.0093,0.107,0.482,0.0779
INF070,11,77616,2402,67,0.0056,0.0,0.491,0.0693
INF070,12,78476,2819,155,0.0111,0.044,0.566,0.0556
INF070,13,78943,3964,113,0.006,0.07,0.494,0.0679
INF070,14,79182,2644,123,0.003,0.037,0.511,0.0737
INF070,15,79456,2903,161,0.0034,0.052,0.5,0.0663
INF070,16,80193,1796,47,0.0093,0.068,0.504,0.0694
INF070,17,80975,3458,63,0.0098,0.018,0.496,0.0713
INF070,18,81410,3881,110,0.0054,0.071,0.503,0.0616
INF070,19,82099,3236,112,0.0085,0.0,0.532,0.078
INF070,20,82314,2746,119,0.0026,0.072,0.511,0.0562
INF070,21,82913,4053,145,0.0073,0.05,0.537,0.0918
INF070,22,83561,2747,77,0.0078,0.066,0.515,0.0618
INF070,23,84141,3706,199,0.0069,0.066,0.513,0.0644
INF070,24,84618,3573,104,0.0057,0.032,0.473,0.0848
INF070,25,85137,4713,162,0.0061,0.103,0.523,0.0646
INF070,26,85937,2769,94,0.0094,0.009,0.49,0.0798
INF071,1,16119,1595,45,0.0,0.117,0.614,0.0116
INF071,2,16193,876,17,0.0046,0.162,0.639,0.0127
INF071,3,16243,608,14,0.0031,0.138,0.607,0.0113
INF071,4,16406,959,21,0.01,0.107,0.6,0.0133
INF071,5,16401,610,16,-0.0003,0.146,0.626,0.0163
INF071,6,16497,1396,31,0.0059,0.102,0.681,0.0199
INF071,7,16543,973,20,0.0028,0.124,0.579,0.0153
INF071,8,16670,714,18,0.0077,0.143,0.647,0.0151
INF071,9,16794,759,12,0.0075,0.126,0.648,0.015
INF071,10,16880,923,28,0.0051,0.119,0.592,0.017
INF071,11,17070,825,27,0.0113,0.128,0.67,0.0152
INF071,12,17177,1160,46,0.0062,0.155,0.646,0.0122
INF071,13,17343,1348,33,0.0096,0.151,0.604,0.0149
INF071,14,17500,1066,16,0.0091,0.117,0.632,0.0163
INF071,15,17577,1073,40,0.0044,0.07,0.658,0.0147
INF071,16,17822,754,19,0.0139,0.165,0.575,0.0154
INF071,17,17895,831,17,0.0041,0.128,0.655,0.0158
INF071,18,18000,977,23,0.0059,0.136,0.641,0.0136
INF071,19,18114,877,29,0.0063,0.076,0.617,0.0172
INF071,20,18291,812,19,0.0098,0.139,0.621,0.0125
INF071,21,18466,700,17,0.0096,0.072,0.609,0.0204
INF071,22,18644,1003,19,0.0097,0.12,0.603,0.0138
INF071,23,18673,996,34,0.0015,0.12,0.7,0.0143
INF071,24,18730,729,20,0.003,0.217,0.617,0.0188
INF071,25,18858,1025,25,0.0068,0.137,0.632,0.0143
INF071,26,19008,1105,21,0.008,0.136,0.576,0.0177
INF072,1,27891,717,19,0.0,0.202,0.599,0.02
INF072,2,28138,983,21,0.0089,0.223,0.604,0.022
INF072,3,28437,432,7,0.0106,0.183,0.517,0.0198
INF072,4,28575,707,16,0.0049,0.162,0.575,0.0232
INF072,5,28673,636,16,0.0034,0.276,0.552,0.0286
INF072,6,28814,687,13,0.0049,0.179,0.519,0.0347
INF072,7,29003,524,12,0.0065,0.156,0.558,0.0268
INF072,8,29257,881,15,0.0087,0.227,0.579,0.0266
INF072,9,29463,659,16,0.0071,0.197,0.566,0.0263
INF072,10,29546,633,19,0.0028,0.206,0.538,0.0298
INF072,11,29741,1123,16,0.0066,0.198,0.549,0.0266
INF072,12,30016,687,14,0.0093,0.152,0.548,0.0213
INF072,13,30213,953,16,0.0065,0.164,0.583,0.026
INF072,14,30214,679,10,0.0,0.228,0.557,0.0281
INF072,15,30519,1204,24,0.0101,0.231,0.523,0.0255
INF072,16,30692,812,17,0.0057,0.203,0.553,0.0266
INF072,17,30930,687,16,0.0077,0.225,0.593,0.0272
INF072,18,30969,1059,33,0.0013,0.177,0.483,0.0234
INF072,19,31156,575,14,0.006,0.14,0.569,0.0296
INF072,20,31340,878,28,0.0059,0.186,0.56,0.0214
INF072,21,31698,1385,33,0.0114,0.213,0.629,0.0351
INF072,22,31908,922,19,0.0066,0.236,0.546,0.0236
INF072,23,32024,721,14,0.0036,0.185,0.589,0.0245
INF072,24,32084,1181,24,0.0019,0.154,0.519,0.0321
INF072,25,32202,828,17,0.0037,0.201,0.572,0.0244
INF072,26,32249,766,12,0.0014,0.162,0.518,0.03
INF073,1,4695,232,4,0.0,0.083,0.718,0.0034
INF073,2,4748,217,8,0.0113,0.104,0.666,0.0037
INF073,3,4792,218,6,0.0092,0.087,0.736,0.0033
INF073,4,4829,235,10,0.0077,0.058,0.684,0.0039
INF073,5,4867,233,8,0.0078,0.072,0.695,0.0048
INF073,6,4893,218,5,0.0055,0.07,0.698,0.0059
INF073,7,4915,217,5,0.0045,0.114,0.674,0.0045
INF073,8,4955,116,3,0.0081,0.111,0.698,0.0045
INF073,9,4981,237,6,0.0052,0.127,0.705,0.0045
INF073,10,4960,312,7,-0.0042,0.068,0.685,0.005
INF073,11,4995,255,7,0.0071,0.032,0.645,0.0045
INF073,12,5007,288,8,0.0023,0.127,0.709,0.0035
INF073,13,5022,304,6,0.0029,0.136,0.679,0.0043
INF073,14,5091,246,6,0.0138,0.118,0.746,0.0047
INF073,15,5098,247,8,0.0015,0.058,0.711,0.0043
INF073,16,5102,139,4,0.0008,0.057,0.754,0.0044
INF073,17,5131,302,7,0.0056,0.06,0.715,0.0045
INF073,18,5178,289,10,0.0092,0.108,0.71,0.0039
INF073,19,5215,524,12,0.0072,0.065,0.693,0.005
INF073,20,5242,211,7,0.005,0.067,0.686,0.0036
INF073,21,5278,197,4,0.007,0.126,0.661,0.0058
INF073,22,5319,381,12,0.0077,0.052,0.707,0.0039
INF073,23,5363,181,5,0.0083,0.134,0.653,0.0041
INF073,24,5405,154,4,0.0078,0.122,0.682,0.0054
INF073,25,5441,374,11,0.0068,0.005,0.67,0.0041
INF073,26,5449,217,5,0.0014,0.034,0.677,0.0051
INF074,1,32276,655,14,0.0,0.145,0.724,0.0232
INF074,2,32457,1106,21,0.0056,0.231,0.769,0.0254
INF074,3,32445,901,16,-0.0004,0.117,0.747,0.0226
INF074,4,32686,1159,43,0.0074,0.122,0.745,0.0265
INF074,5,32978,767,27,0.0089,0.082,0.757,0.0328
INF074,6,33105,574,13,0.0039,0.113,0.723,0.0399
INF074,7,33297,896,25,0.0058,0.089,0.717,0.0308
INF074,8,33499,772,25,0.0061,0.124,0.773,0.0304
INF074,9,33778,866,17,0.0083,0.182,0.673,0.0302
INF074,10,34126,970,24,0.0103,0.06,0.754,0.0344
INF074,11,34099,1004,36,-0.0008,0.178,0.749,0.0305
INF074,12,34171,1085,24,0.0021,0.142,0.818,0.0242
INF074,13,34506,1897,45,0.0098,0.1,0.691,0.0297
INF074,14,34823,891,31,0.0092,0.188,0.703,0.0324
INF074,15,35028,1514,46,0.0059,0.174,0.749,0.0292
INF074,16,35301,1661,52,0.0078,0.088,0.73,0.0306
INF074,17,35473,1364,41,0.0049,0.131,0.766,0.0312
INF074,18,35672,986,30,0.0056,0.116,0.789,0.027
INF074,19,36033,1055,21,0.0101,0.09,0.746,0.0342
INF074,20,36209,1148,15,0.0049,0.162,0.77,0.0247
INF074,21,36446,635,9,0.0065,0.148,0.712,0.0403
INF074,22,36668,1129,23,0.0061,0.088,0.744,0.0271
INF074,23,36865,993,34,0.0054,0.084,0.735,0.0282
INF074,24,36864,1351,32,-0.0,0.12,0.739,0.0369
INF074,25,37265,716,16,0.0109,0.113,0.692,0.0283
INF074,26,37402,1253,42,0.0037,0.199,0.725,0.0347
INF075,1,42690,2185,64,0.0,0.122,0.559,0.0307
INF075,2,42820,2891,63,0.0031,0.092,0.638,0.0335
INF075,3,43039,1699,39,0.0051,0.119,0.544,0.03
INF075,4,43151,1913,42,0.0026,0.135,0.589,0.035
INF075,5,43284,1549,45,0.0031,0.091,0.515,0.0431
INF075,6,43538,3028,68,0.0059,0.132,0.618,0.0525
INF075,7,43931,1880,35,0.009,0.083,0.521,0.0406
INF075,8,44259,2744,60,0.0075,0.077,0.549,0.0402
INF075,9,44588,2386,52,0.0074,0.106,0.543,0.0398
INF075,10,44845,1802,51,0.0058,0.113,0.59,0.0452
INF075,11,45095,1625,46,0.0056,0.07,0.548,0.0403
INF075,12,45431,2448,54,0.0075,0.099,0.537,0.0322
INF075,13,45718,2258,50,0.0063,0.139,0.611,0.0393
INF075,14,45967,1526,29,0.0054,0.119,0.555,0.0428
INF075,15,46263,2217,48,0.0064,0.14,0.542,0.0386
INF075,16,46811,1903,45,0.0118,0.122,0.55,0.0405
INF075,17,46972,1948,39,0.0035,0.141,0.589,0.0414
INF075,18,47321,2596,106,0.0074,0.108,0.569,0.0358
INF075,19,47389,1922,55,0.0014,0.088,0.551,0.045
INF075,20,47823,2216,39,0.0092,0.166,0.576,0.0327
INF075,21,48052,2349,57,0.0048,0.077,0.566,0.0532
INF075,22,48164,1914,37,0.0023,0.105,0.577,0.0356
INF075,23,48447,2235,57,0.0059,0.15,0.589,0.0371
INF075,24,48706,2291,40,0.0053,0.072,0.606,0.0488
INF075,25,49044,2363,63,0.0069,0.119,0.594,0.0372
INF075,26,49281,2228,49,0.0048,0.04,0.565,0.0458
INF076,1,41135,8313,42,0.0,0.441,0.358,0.0295
INF076,2,41346,5916,50,0.0051,0.53,0.326,0.0324
INF076,3,41869,6320,46,0.0127,0.522,0.374,0.0292
INF076,4,41950,5780,39,0.0019,0.444,0.312,0.034
INF076,5,41971,5683,58,0.0005,0.446,0.325,0.0418
INF076,6,42229,7359,49,0.0061,0.487,0.366,0.0509
INF076,7,42673,6436,54,0.0105,0.459,0.31,0.0395
INF076,8,42914,9822,67,0.0056,0.425,0.399,0.039
INF076,9,43114,8506,80,0.0047,0.449,0.375,0.0385
INF076,10,43248,8126,79,0.0031,0.487,0.363,0.0436
INF076,11,43519,7345,45,0.0063,0.496,0.312,0.0389
INF076,12,43657,6624,40,0.0032,0.433,0.308,0.0309
INF076,13,43929,3820,16,0.0062,0.462,0.373,0.0378
INF076,14,44201,9883,55,0.0062,0.457,0.308,0.0411
INF076,15,44447,3740,20,0.0056,0.498,0.292,0.0371
INF076,16,44815,8502,68,0.0083,0.453,0.374,0.0388
INF076,17,44881,6867,63,0.0015,0.465,0.379,0.0395
INF076,18,45069,4887,40,0.0042,0.465,0.371,0.0341
INF076,19,45579,5472,49,0.0113,0.467,0.311,0.0433
INF076,20,46058,6842,48,0.0105,0.454,0.38,0.0315
INF076,21,46373,5149,32,0.0068,0.457,0.335,0.0513
INF076,22,46679,7835,41,0.0066,0.458,0.332,0.0345
INF076,23,46908,5317,48,0.0049,0.511,0.322,0.0359
INF076,24,47387,6481,41,0.0102,0.51,0.373,0.0475
INF076,25,47574,6369,59,0.0039,0.523,0.311,0.0361
INF076,26,48028,7836,54,0.0095,0.439,0.324,0.0446
INF077,1,42041,1263,31,0.0,0.138,0.82,0.0302
INF077,2,42336,1126,37,0.007,0.085,0.809,0.0332
INF077,3,42552,826,23,0.0051,0.081,0.735,0.0297
INF077,4,42805,1486,33,0.006,0.053,0.763,0.0347
INF077,5,43003,1514,37,0.0046,0.13,0.756,0.0428
INF077,6,43330,1584,42,0.0076,0.142,0.792,0.0522
INF077,7,43501,1165,26,0.0039,0.081,0.777,0.0402
INF077,8,43816,1667,62,0.0072,0.067,0.785,0.0398
INF077,9,44288,1390,45,0.0108,0.1,0.779,0.0396
INF077,10,44394,1442,19,0.0024,0.11,0.739,0.0448
INF077,11,44678,1280,31,0.0064,0.103,0.715,0.0399
INF077,12,44721,1506,46,0.001,0.13,0.786,0.0317
INF077,13,44982,1338,37,0.0059,0.101,0.769,0.0387
INF077,14,45276,1595,30,0.0065,0.115,0.714,0.0421
INF077,15,45555,1450,25,0.0061,0.146,0.775,0.038
INF077,16,45512,1533,52,-0.0009,0.109,0.77,0.0394
INF077,17,45998,1209,35,0.0107,0.15,0.78,0.0405
INF077,18,46262,2290,66,0.0057,0.108,0.839,0.035
INF077,19,46577,1761,37,0.0068,0.051,0.764,0.0442
INF077,20,46623,978,27,0.001,0.148,0.762,0.0318
INF077,21,46808,1502,28,0.004,0.076,0.789,0.0518
INF077,22,47157,784,45,0.0075,0.098,0.755,0.0349
INF077,23,47523,1342,30,0.0078,0.084,0.761,0.0364
INF077,24,47806,1361,25,0.006,0.113,0.705,0.0479
INF077,25,48078,1584,27,0.0057,0.034,0.807,0.0365
INF077,26,48299,1405,43,0.0046,0.031,0.726,0.0449
INF078,1,76312,3104,76,0.0,0.209,0.767,0.0548
INF078,2,77079,3215,111,0.0101,0.22,0.738,0.0604
INF078,3,77499,3218,83,0.0055,0.145,0.755,0.054
INF078,4,78395,2661,76,0.0116,0.202,0.739,0.0636
INF078,5,78610,4202,88,0.0027,0.189,0.738,0.0783
INF078,6,78581,2577,49,-0.0004,0.175,0.797,0.0947
INF078,7,78792,5013,120,0.0027,0.195,0.752,0.0729
INF078,8,79129,4522,130,0.0043,0.089,0.728,0.0719
INF078,9,79856,3870,137,0.0092,0.23,0.723,0.0714
INF078,10,80690,6080,252,0.0104,0.19,0.757,0.0814
INF078,11,81111,4067,128,0.0052,0.192,0.749,0.0725
INF078,12,81666,4726,153,0.0068,0.256,0.746,0.0578
INF078,13,82174,4872,132,0.0062,0.189,0.733,0.0706
INF078,14,82530,2735,74,0.0043,0.154,0.775,0.0768
INF078,15,83011,4337,131,0.0058,0.16,0.756,0.0693
INF078,16,84164,4322,101,0.0139,0.156,0.748,0.0728
INF078,17,84869,4401,81,0.0084,0.099,0.786,0.0748
INF078,18,85274,4649,154,0.0048,0.209,0.727,0.0645
INF078,19,85263,3202,102,-0.0001,0.186,0.72,0.081
INF078,20,86090,4815,109,0.0097,0.112,0.803,0.0588
INF078,21,86599,6110,243,0.0059,0.232,0.746,0.0959
INF078,22,86668,4098,151,0.0008,0.218,0.756,0.0641
INF078,23,86964,3171,87,0.0034,0.213,0.766,0.0666
INF078,24,87777,5486,165,0.0093,0.165,0.767,0.0879
INF078,25,87838,4526,139,0.0007,0.178,0.735,0.0666
INF078,26,88421,4375,206,0.0066,0.208,0.843,0.0821
INF079,1,143112,11969,548,0.0,0.092,0.673,0.1028
INF079,2,143934,8397,530,0.0057,0.145,0.621,0.1128
INF079,3,144999,6360,321,0.0074,0.129,0.642,0.1011
INF079,4,145423,9713,510,0.0029,0.134,0.642,0.1179
INF079,5,146195,12072,552,0.0053,0.087,0.609,0.1456
INF079,6,146658,9962,475,0.0032,0.082,0.68,0.1768
INF079,7,147491,15608,570,0.0057,0.126,0.608,0.1364
INF079,8,148637,7392,342,0.0078,0.138,0.676,0.1351
INF079,9,149673,9144,487,0.007,0.093,0.674,0.1338
INF079,10,150737,7550,303,0.0071,0.11,0.697,0.1521
INF079,11,151827,13010,642,0.0072,0.148,0.617,0.1356
INF079,12,152456,9014,293,0.0041,0.189,0.66,0.1079
INF079,13,153983,8507,516,0.01,0.121,0.644,0.1324
INF079,14,154464,8038,335,0.0031,0.171,0.631,0.1438
INF079,15,155756,10439,514,0.0084,0.063,0.648,0.13
INF079,16,156486,13256,929,0.0047,0.09,0.643,0.1354
INF079,17,158303,11232,593,0.0116,0.116,0.612,0.1395
INF079,18,160405,6026,367,0.0133,0.122,0.648,0.1213
INF079,19,160874,9691,458,0.0029,0.155,0.639,0.1528
INF079,20,162560,7750,412,0.0105,0.167,0.64,0.1111
INF079,21,163284,12837,571,0.0045,0.19,0.7,0.1808
INF079,22,164512,4857,179,0.0075,0.118,0.639,0.1217
INF079,23,165794,8307,237,0.0078,0.157,0.658,0.1269
INF079,24,166663,8468,378,0.0052,0.096,0.693,0.1669
INF079,25,167372,10195,943,0.0043,0.134,0.644,0.1269
INF079,26,167983,8669,445,0.0037,0.124,0.66,0.1561
INF080,1,22085,1206,58,0.0,0.166,0.674,0.0159
INF080,2,22248,837,34,0.0074,0.116,0.72,0.0174
INF080,3,22375,1210,86,0.0057,0.183,0.797,0.0156
INF080,4,22488,1404,66,0.0051,0.191,0.696,0.0182
INF080,5,22533,915,31,0.002,0.183,0.726,0.0224
INF080,6,22680,660,53,0.0066,0.165,0.745,0.0273
INF080,7,22799,1448,57,0.0052,0.173,0.721,0.0211
INF080,8,23001,893,54,0.0088,0.126,0.706,0.0209
INF080,9,23105,1392,57,0.0045,0.136,0.694,0.0206
INF080,10,23191,1150,97,0.0037,0.133,0.705,0.0234
INF080,11,23325,1194,48,0.0058,0.167,0.721,0.0208
INF080,12,23494,1292,51,0.0072,0.179,0.798,0.0166
INF080,13,23746,1381,70,0.0107,0.152,0.776,0.0204
INF080,14,23787,1004,58,0.0017,0.199,0.787,0.0221
INF080,15,23967,819,27,0.0076,0.138,0.7,0.02
INF080,16,24086,1240,63,0.0049,0.156,0.736,0.0208
INF080,17,24217,975,33,0.0054,0.122,0.732,0.0213
INF080,18,24515,1370,46,0.0123,0.136,0.64,0.0185
INF080,19,24720,1334,81,0.0084,0.144,0.716,0.0235
INF080,20,24776,1250,56,0.0023,0.155,0.816,0.0169
INF080,21,24725,882,33,-0.0021,0.205,0.717,0.0274
INF080,22,24859,1539,56,0.0054,0.149,0.715,0.0184
INF080,23,24938,1003,51,0.0032,0.162,0.734,0.0191
INF080,24,25079,2031,72,0.0056,0.177,0.68,0.0251
INF080,25,25236,985,46,0.0063,0.174,0.648,0.0191
INF080,26,25443,1273,49,0.0082,0.133,0.714,0.0236
INF081,1,20305,1182,31,0.0,0.046,0.742,0.0146
INF081,2,20426,1159,25,0.0059,0.054,0.75,0.016
INF081,3,20478,1187,31,0.0026,0.049,0.762,0.0143
INF081,4,20593,833,13,0.0056,0.074,0.779,0.0167
INF081,5,20599,1034,36,0.0003,0.052,0.814,0.0205
INF081,6,20790,1350,30,0.0092,0.094,0.781,0.0251
INF081,7,20894,1081,18,0.005,0.071,0.694,0.0193
INF081,8,21017,1161,23,0.0059,0.096,0.757,0.0191
INF081,9,21043,1433,38,0.0012,0.038,0.798,0.0188
INF081,10,21163,1702,35,0.0057,0.05,0.739,0.0214
INF081,11,21327,1438,26,0.0077,0.011,0.788,0.0191
INF081,12,21475,1387,64,0.007,0.07,0.76,0.0152
INF081,13,21607,760,23,0.0061,0.069,0.721,0.0186
INF081,14,21853,1620,29,0.0114,0.077,0.759,0.0203
INF081,15,21992,1149,36,0.0063,0.025,0.761,0.0184
INF081,16,21988,1937,61,-0.0002,0.07,0.76,0.019
INF081,17,22126,1648,34,0.0063,0.135,0.802,0.0195
INF081,18,22232,1469,36,0.0048,0.083,0.783,0.0168
INF081,19,22297,859,18,0.0029,0.088,0.762,0.0212
INF081,20,22435,1343,39,0.0062,0.117,0.744,0.0153
INF081,21,22462,1188,23,0.0012,0.047,0.784,0.0249
INF081,22,22414,833,20,-0.0021,0.059,0.803,0.0166
INF081,23,22422,1342,42,0.0003,0.009,0.724,0.0172
INF081,24,22508,860,15,0.0038,0.087,0.778,0.0225
INF081,25,22684,802,22,0.0078,0.072,0.733,0.0172
INF081,26,22895,1486,42,0.0093,0.026,0.807,0.0213
INF082,1,226933,6214,159,0.0,0.023,0.462,0.163
INF082,2,228482,5819,117,0.0068,0.043,0.506,0.179
INF082,3,228910,4652,103,0.0019,0.096,0.544,0.1595
INF082,4,231701,6402,169,0.0122,0.092,0.539,0.1879
INF082,5,231771,7394,161,0.0003,0.085,0.529,0.2308
INF082,6,233727,8562,240,0.0084,0.101,0.491,0.2817
INF082,7,235249,8604,198,0.0065,0.089,0.512,0.2176
INF082,8,235969,9022,254,0.0031,0.076,0.505,0.2144
INF082,9,237142,5552,134,0.005,0.147,0.611,0.2119
INF082,10,238848,8366,227,0.0072,0.137,0.527,0.241
INF082,11,240479,7922,164,0.0068,0.109,0.517,0.2148
INF082,12,242684,5279,89,0.0092,0.118,0.498,0.1718
INF082,13,244660,4545,91,0.0081,0.059,0.524,0.2103
INF082,14,246610,5280,89,0.008,0.118,0.506,0.2295
INF082,15,249230,5340,101,0.0106,0.089,0.494,0.208
INF082,16,251449,4832,78,0.0089,0.079,0.49,0.2176
INF082,17,252887,6433,151,0.0057,0.064,0.54,0.2228
INF082,18,253824,6119,133,0.0037,0.057,0.509,0.1919
INF082,19,254058,6536,125,0.0009,0.101,0.474,0.2413
INF082,20,254894,6560,107,0.0033,0.083,0.489,0.1741
INF082,21,256691,5184,101,0.007,0.123,0.529,0.2842
INF082,22,258581,4202,120,0.0074,0.144,0.506,0.1912
INF082,23,259975,6503,244,0.0054,0.119,0.508,0.199
INF082,24,261842,9722,258,0.0072,0.052,0.53,0.2623
INF082,25,260765,12549,215,-0.0041,0.101,0.519,0.1978
INF082,26,261696,5342,87,0.0036,0.095,0.518,0.2431
INF083,1,85644,6071,240,0.0,0.181,0.657,0.0615
INF083,2,85821,4075,144,0.0021,0.198,0.647,0.0672
INF083,3,86475,4855,131,0.0076,0.245,0.621,0.0603
INF083,4,86838,5319,154,0.0042,0.177,0.629,0.0704
INF083,5,87302,8707,357,0.0053,0.173,0.643,0.0869
INF083,6,87711,4766,184,0.0047,0.168,0.638,0.1057
INF083,7,87937,4620,107,0.0026,0.172,0.67,0.0813
INF083,8,88264,8315,263,0.0037,0.165,0.653,0.0802
INF083,9,88693,6003,167,0.0049,0.171,0.594,0.0793
INF083,10,89356,6288,214,0.0075,0.151,0.677,0.0901
INF083,11,89966,3879,95,0.0068,0.153,0.675,0.0804
INF083,12,90396,7067,197,0.0048,0.186,0.646,0.064
INF083,13,91236,3489,82,0.0093,0.164,0.61,0.0784
INF083,14,91282,6071,122,0.0005,0.187,0.649,0.085
INF083,15,91885,6234,222,0.0066,0.177,0.595,0.0767
INF083,16,92379,5252,389,0.0054,0.162,0.61,0.0799
INF083,17,93296,4756,136,0.0099,0.192,0.598,0.0822
INF083,18,94026,6631,315,0.0078,0.21,0.624,0.0711
INF083,19,94750,7383,450,0.0077,0.153,0.634,0.09
INF083,20,95307,5384,288,0.0059,0.168,0.588,0.0651
INF083,21,95612,5117,167,0.0032,0.156,0.661,0.1059
INF083,22,95901,6514,241,0.003,0.186,0.69,0.0709
INF083,23,96495,4278,243,0.0062,0.218,0.643,0.0739
INF083,24,97252,9308,541,0.0078,0.201,0.668,0.0974
INF083,25,97896,3107,108,0.0066,0.152,0.664,0.0742
INF083,26,98471,6557,217,0.0059,0.219,0.67,0.0915
INF084,1,28038,1198,62,0.0,0.14,0.735,0.0201
INF084,2,28099,2173,128,0.0022,0.183,0.699,0.022
INF084,3,28296,2214,154,0.007,0.166,0.751,0.0197
INF084,4,28238,765,33,-0.002,0.221,0.697,0.0229
INF084,5,28425,1802,92,0.0066,0.195,0.737,0.0283
INF084,6,28421,1277,75,-0.0001,0.184,0.741,0.0343
INF084,7,28522,1203,81,0.0036,0.192,0.709,0.0264
INF084,8,28669,1474,63,0.0051,0.217,0.712,0.0261
INF084,9,28907,1240,66,0.0083,0.154,0.704,0.0258
INF084,10,29044,986,65,0.0047,0.163,0.716,0.0293
INF084,11,29192,1150,55,0.0051,0.2,0.748,0.0261
INF084,12,29295,1021,52,0.0035,0.189,0.704,0.0207
INF084,13,29445,1185,85,0.0051,0.197,0.722,0.0253
INF084,14,29523,1762,96,0.0027,0.185,0.757,0.0275
INF084,15,29570,934,35,0.0016,0.195,0.691,0.0247
INF084,16,29738,1087,61,0.0057,0.184,0.791,0.0257
INF084,17,30054,1200,73,0.0106,0.151,0.716,0.0265
INF084,18,30270,1582,68,0.0072,0.241,0.735,0.0229
INF084,19,30320,1663,94,0.0017,0.177,0.736,0.0288
INF084,20,30456,2037,115,0.0045,0.198,0.731,0.0208
INF084,21,30472,1263,56,0.0005,0.21,0.725,0.0337
INF084,22,30590,1567,66,0.0039,0.143,0.7,0.0226
INF084,23,30819,1427,122,0.0075,0.196,0.721,0.0236
INF084,24,30975,2378,130,0.0051,0.197,0.722,0.031
INF084,25,31224,2704,184,0.0081,0.168,0.723,0.0237
INF084,26,31375,1202,57,0.0048,0.222,0.749,0.0291
INF085,1,81674,3621,79,0.0,0.171,0.816,0.0587
INF085,2,81480,5132,223,-0.0024,0.175,0.787,0.0638
INF085,3,81642,4991,115,0.002,0.238,0.846,0.0569
INF085,4,82379,4410,87,0.009,0.188,0.839,0.0668
INF085,5,82725,5574,225,0.0042,0.187,0.842,0.0824
INF085,6,83299,5291,251,0.0069,0.152,0.797,0.1004
INF085,7,84072,4965,112,0.0093,0.153,0.819,0.0778
INF085,8,84472,4571,133,0.0048,0.163,0.835,0.0768
INF085,9,84597,4397,129,0.0015,0.223,0.779,0.0756
INF085,10,85182,3772,109,0.0069,0.203,0.802,0.0859
INF085,11,85667,4936,131,0.0057,0.216,0.837,0.0765
INF085,12,86193,4763,139,0.0061,0.17,0.771,0.061
INF085,13,86816,3378,84,0.0072,0.219,0.743,0.0746
INF085,14,86917,4720,91,0.0012,0.139,0.821,0.0809
INF085,15,87168,4551,119,0.0029,0.173,0.805,0.0728
INF085,16,87957,3506,109,0.0091,0.164,0.756,0.0761
INF085,17,88414,7454,130,0.0052,0.191,0.813,0.0779
INF085,18,88867,5146,148,0.0051,0.239,0.807,0.0672
INF085,19,89604,5125,97,0.0083,0.167,0.802,0.0851
INF085,20,90334,5601,162,0.0081,0.166,0.806,0.0617
INF085,21,90673,3249,84,0.0038,0.241,0.817,0.1004
INF085,22,91759,6658,194,0.012,0.241,0.738,0.0679
INF085,23,91858,5099,130,0.0011,0.203,0.834,0.0703
INF085,24,92516,6345,87,0.0072,0.239,0.837,0.0927
INF085,25,93183,7165,166,0.0072,0.179,0.787,0.0707
INF085,26,93747,4262,100,0.0061,0.183,0.841,0.0871
INF086,1,162702,7359,362,0.0,0.078,0.562,0.1169
INF086,2,163245,8481,353,0.0033,0.024,0.581,0.1279
INF086,3,164555,13068,461,0.008,0.04,0.58,0.1147
INF086,4,165491,9135,479,0.0057,0.064,0.604,0.1342
INF086,5,166510,7206,290,0.0062,0.085,0.569,0.1658
INF086,6,167273,5261,240,0.0046,0.144,0.624,0.2016
INF086,7,167219,7611,424,-0.0003,0.109,0.569,0.1547
INF086,8,168383,8805,334,0.007,0.096,0.553,0.153
INF086,9,169877,10659,553,0.0089,0.122,0.588,0.1518
INF086,10,169717,7430,204,-0.0009,0.035,0.566,0.1712
INF086,11,171612,10513,463,0.0112,0.135,0.539,0.1533
INF086,12,172678,9825,402,0.0062,0.021,0.603,0.1223
INF086,13,173758,7095,305,0.0063,0.082,0.568,0.1494
INF086,14,176063,11183,500,0.0133,0.0,0.569,0.1639
INF086,15,176260,7584,274,0.0011,0.062,0.635,0.1471
INF086,16,177440,7163,262,0.0067,0.099,0.62,0.1536
INF086,17,178544,9405,321,0.0062,0.111,0.552,0.1573
INF086,18,179757,9450,377,0.0068,0.03,0.589,0.1359
INF086,19,181163,8552,383,0.0078,0.062,0.593,0.1721
INF086,20,182136,10800,723,0.0054,0.061,0.599,0.1244
INF086,21,184084,9036,378,0.0107,0.096,0.6,0.2038
INF086,22,185368,8522,325,0.007,0.046,0.552,0.1371
INF086,23,186968,11731,593,0.0086,0.106,0.582,0.1431
INF086,24,186820,8191,462,-0.0008,0.042,0.535,0.1871
INF086,25,187918,8736,357,0.0059,0.062,0.584,0.1425
INF086,26,189561,8925,224,0.0087,0.059,0.569,0.1761
INF087,1,27049,833,42,0.0,0.124,0.761,0.0194
INF087,2,27080,1123,34,0.0012,0.163,0.762,0.0212
INF087,3,27329,2017,85,0.0092,0.162,0.74,0.019
INF087,4,27435,1225,35,0.0039,0.129,0.797,0.0222
INF087,5,27587,1695,68,0.0055,0.144,0.815,0.0275
INF087,6,27902,1106,48,0.0114,0.134,0.764,0.0336
INF087,7,28080,1391,51,0.0064,0.157,0.793,0.026
INF087,8,28248,1107,55,0.006,0.108,0.758,0.0257
INF087,9,28304,1358,91,0.002,0.064,0.778,0.0253
INF087,10,28355,2905,139,0.0018,0.167,0.81,0.0286
INF087,11,28471,1083,63,0.0041,0.113,0.775,0.0254
INF087,12,28611,1199,59,0.0049,0.19,0.811,0.0203
INF087,13,28896,1256,56,0.0099,0.153,0.807,0.0248
INF087,14,29019,1569,92,0.0043,0.128,0.834,0.027
INF087,15,29280,887,36,0.009,0.138,0.827,0.0244
INF087,16,29460,1648,86,0.0061,0.108,0.761,0.0255
INF087,17,29713,876,32,0.0086,0.106,0.766,0.0262
INF087,18,29779,2183,65,0.0022,0.16,0.781,0.0225
INF087,19,30032,1399,77,0.0085,0.141,0.776,0.0285
INF087,20,30299,2939,120,0.0089,0.132,0.773,0.0207
INF087,21,30494,1955,80,0.0064,0.108,0.799,0.0338
INF087,22,30649,2254,113,0.0051,0.202,0.793,0.0227
INF087,23,30826,1810,101,0.0058,0.148,0.801,0.0236
INF087,24,30936,1186,44,0.0036,0.138,0.785,0.031
INF087,25,31156,1892,96,0.0071,0.156,0.747,0.0236
INF087,26,31332,2381,127,0.0056,0.121,0.773,0.0291
INF088,1,15989,1066,39,0.0,0.131,0.808,0.0115
INF088,2,16065,1113,44,0.0048,0.139,0.838,0.0126
INF088,3,16198,1246,42,0.0083,0.104,0.817,0.0113
INF088,4,16293,868,52,0.0059,0.112,0.749,0.0132
INF088,5,16391,1103,46,0.006,0.068,0.826,0.0163
INF088,6,16468,720,33,0.0047,0.133,0.792,0.0199
INF088,7,16601,1026,36,0.0081,0.14,0.744,0.0154
INF088,8,16681,874,29,0.0048,0.145,0.77,0.0152
INF088,9,16736,708,24,0.0033,0.108,0.767,0.015
INF088,10,16847,994,25,0.0067,0.122,0.742,0.017
INF088,11,16947,730,37,0.0059,0.153,0.767,0.0151
INF088,12,17096,1184,57,0.0088,0.066,0.828,0.0121
INF088,13,17223,727,35,0.0074,0.178,0.823,0.0148
INF088,14,17401,958,41,0.0103,0.134,0.825,0.0162
INF088,15,17484,962,53,0.0048,0.092,0.783,0.0146
INF088,16,17628,1152,49,0.0082,0.136,0.738,0.0153
INF088,17,17764,976,56,0.0078,0.125,0.783,0.0156
INF088,18,17907,916,36,0.008,0.153,0.786,0.0135
INF088,19,17978,1046,40,0.004,0.14,0.797,0.0171
INF088,20,18117,1293,59,0.0078,0.107,0.841,0.0124
INF088,21,18297,785,17,0.0099,0.151,0.817,0.0203
INF088,22,18311,793,21,0.0007,0.13,0.842,0.0135
INF088,23,18451,1139,62,0.0077,0.109,0.816,0.0141
INF088,24,18567,1208,44,0.0063,0.143,0.802,0.0186
INF088,25,18705,2063,70,0.0074,0.136,0.84,0.0142
INF088,26,18747,946,41,0.0022,0.159,0.803,0.0174
INF089,1,45808,1528,51,0.0,0.764,0.2,0.0329
INF089,2,46103,1124,22,0.0064,0.8,0.189,0.0361
INF089,3,46360,1686,34,0.0056,0.746,0.134,0.0323
INF089,4,46448,1262,27,0.0019,0.753,0.193,0.0377
INF089,5,67402,1746,37,0.4511,0.815,0.21,0.0671
INF089,6,68094,1789,38,0.0103,0.754,0.191,0.0821
INF089,7,68552,1504,31,0.0067,0.774,0.162,0.0634
INF089,8,68568,1637,45,0.0002,0.751,0.182,0.0623
INF089,9,69493,1950,45,0.0135,0.745,0.158,0.0621
INF089,10,69784,1703,27,0.0042,0.765,0.133,0.0704
INF089,11,70461,1399,33,0.0097,0.774,0.197,0.0629
INF089,12,70802,1423,38,0.0048,0.767,0.143,0.0501
INF089,13,71496,2300,43,0.0098,0.779,0.146,0.0615
INF089,14,71810,1537,45,0.0044,0.747,0.148,0.0668
INF089,15,72392,2029,62,0.0081,0.719,0.152,0.0604
INF089,16,93356,4110,54,0.2896,0.75,0.137,0.0808
INF089,17,94306,3430,100,0.0102,0.751,0.162,0.0831
INF089,18,94999,2223,46,0.0073,0.781,0.163,0.0718
INF089,19,95690,2185,46,0.0073,0.779,0.142,0.0909
INF089,20,96572,2753,36,0.0092,0.781,0.116,0.066
INF089,21,96892,3006,98,0.0033,0.794,0.138,0.1073
INF089,22,97533,2220,46,0.0066,0.787,0.168,0.0721
INF089,23,97906,2387,45,0.0038,0.738,0.194,0.075
INF089,24,98313,3418,84,0.0042,0.783,0.202,0.0985
INF089,25,98786,3341,64,0.0048,0.795,0.176,0.0749
INF089,26,99281,2703,61,0.005,0.717,0.212,0.0922
INF090,1,29468,2021,15,0.0,0.115,0.173,0.0212
INF090,2,29516,1455,14,0.0016,0.091,0.248,0.0231
INF090,3,29597,1188,6,0.0027,0.099,0.175,0.0206
INF090,4,39535,1939,11,0.3358,0.122,0.225,0.0321
INF090,5,39493,1925,16,-0.0011,0.052,0.299,0.0393
INF090,6,39670,1750,15,0.0045,0.123,0.233,0.0478
INF090,7,39745,1805,12,0.0019,0.077,0.212,0.0368
INF090,8,39961,1819,19,0.0054,0.109,0.205,0.0363
INF090,9,40072,2722,23,0.0028,0.118,0.189,0.0358
INF090,10,40358,1987,17,0.0071,0.1,0.231,0.0407
INF090,11,40421,1799,15,0.0016,0.104,0.292,0.0361
INF090,12,40861,2479,18,0.0109,0.102,0.235,0.0289
INF090,13,41121,1966,17,0.0064,0.072,0.297,0.0353
INF090,14,41456,2125,16,0.0081,0.177,0.229,0.0386
INF090,15,41690,2459,17,0.0056,0.087,0.204,0.0348
INF090,16,54706,2133,11,0.3122,0.139,0.195,0.0473
INF090,17,76111,5134,57,0.3913,0.103,0.249,0.0671
INF090,18,76275,2776,25,0.0021,0.111,0.272,0.0577
INF090,19,76514,3873,47,0.0031,0.103,0.246,0.0727
INF090,20,77206,4328,21,0.009,0.059,0.29,0.0527
INF090,21,77458,3242,30,0.0033,0.126,0.235,0.0858
INF090,22,77753,3923,25,0.0038,0.109,0.224,0.0575
INF090,23,78225,5656,29,0.0061,0.074,0.273,0.0599
INF090,24,78983,4801,62,0.0097,0.094,0.161,0.0791
INF090,25,79224,3541,39,0.003,0.055,0.272,0.0601
INF090,26,79959,5584,51,0.0093,0.104,0.261,0.0743
INF091,1,56294,3300,46,0.0,0.063,0.551,0.0404
INF091,2,56519,4048,77,0.004,0.054,0.571,0.0443
INF091,3,56835,2886,55,0.0056,0.041,0.554,0.0396
INF091,4,57059,2760,62,0.0039,0.13,0.541,0.0463
INF091,5,57362,2917,60,0.0053,0.114,0.555,0.0571
INF091,6,57551,2494,46,0.0033,0.096,0.548,0.0694
INF091,7,57916,2282,58,0.0063,0.057,0.562,0.0536
INF091,8,58457,2445,45,0.0093,0.07,0.568,0.0531
INF091,9,58840,2373,51,0.0066,0.104,0.558,0.0526
INF091,10,59162,2897,87,0.0055,0.05,0.598,0.0597
INF091,11,59679,2374,57,0.0087,0.083,0.576,0.0533
INF091,12,59971,2309,41,0.0049,0.112,0.533,0.0425
INF091,13,60381,2193,74,0.0068,0.102,0.54,0.0519
INF091,14,60277,2726,63,-0.0017,0.071,0.568,0.0561
INF091,15,60498,3253,48,0.0037,0.098,0.561,0.0505
INF091,16,60594,5867,135,0.0016,0.058,0.532,0.0524
INF091,17,61008,2831,50,0.0068,0.073,0.556,0.0537
INF091,18,61276,2561,47,0.0044,0.086,0.63,0.0463
INF091,19,61765,3126,82,0.008,0.048,0.571,0.0587
INF091,20,62342,3463,45,0.0093,0.077,0.567,0.0426
INF091,21,62658,2221,64,0.0051,0.099,0.55,0.0694
INF091,22,63117,1895,49,0.0073,0.129,0.538,0.0467
INF091,23,63412,2019,40,0.0047,0.057,0.515,0.0485
INF091,24,63664,1492,42,0.004,0.042,0.577,0.0638
INF091,25,63761,3997,90,0.0015,0.07,0.519,0.0484
INF091,26,64141,3115,61,0.0059,0.095,0.605,0.0596
INF092,1,7870,265,7,0.0,0.197,0.568,0.0057
INF092,2,7894,500,15,0.0031,0.166,0.559,0.0062
INF092,3,7915,413,14,0.0026,0.207,0.571,0.0055
INF092,4,7935,208,6,0.0026,0.247,0.612,0.0064
INF092,5,7989,616,19,0.0068,0.145,0.613,0.008
INF092,6,8048,441,11,0.0074,0.14,0.585,0.0097
INF092,7,8093,627,31,0.0056,0.225,0.639,0.0075
INF092,8,8122,323,14,0.0036,0.151,0.582,0.0074
INF092,9,8168,389,16,0.0057,0.14,0.536,0.0073
INF092,10,8237,516,17,0.0084,0.17,0.546,0.0083
INF092,11,8295,627,25,0.0071,0.217,0.577,0.0074
INF092,12,8341,381,11,0.0055,0.203,0.551,0.0059
INF092,13,8416,474,24,0.009,0.177,0.597,0.0072
INF092,14,8469,249,6,0.0063,0.159,0.635,0.0079
INF092,15,8551,405,11,0.0097,0.255,0.584,0.0071
INF092,16,8609,401,16,0.0067,0.22,0.591,0.0075
INF092,17,8714,616,28,0.0122,0.191,0.621,0.0077
INF092,18,8790,384,15,0.0087,0.138,0.592,0.0066
INF092,19,8834,437,16,0.005,0.11,0.596,0.0084
INF092,20,8939,309,10,0.0119,0.189,0.58,0.0061
INF092,21,8936,491,18,-0.0003,0.27,0.599,0.0099
INF092,22,8948,695,25,0.0014,0.219,0.579,0.0066
INF092,23,8994,368,12,0.0051,0.186,0.609,0.0069
INF092,24,9063,504,14,0.0076,0.201,0.551,0.0091
INF092,25,9104,335,16,0.0046,0.187,0.525,0.0069
INF092,26,9173,745,16,0.0076,0.19,0.586,0.0085
INF093,1,44319,2541,53,0.0,0.089,0.579,0.0318
INF093,2,44745,3446,92,0.0096,0.09,0.552,0.0351
INF093,3,44850,1513,36,0.0024,0.101,0.556,0.0313
INF093,4,44910,2586,32,0.0013,0.093,0.557,0.0364
INF093,5,44920,3652,68,0.0002,0.064,0.665,0.0447
INF093,6,44922,2539,71,0.0,0.093,0.583,0.0541
INF093,7,45103,1922,52,0.004,0.082,0.611,0.0417
INF093,8,45543,2157,42,0.0098,0.079,0.629,0.0414
INF093,9,46012,2939,84,0.0103,0.054,0.559,0.0411
INF093,10,46309,3425,52,0.0065,0.083,0.633,0.0467
INF093,11,46634,1826,45,0.007,0.067,0.608,0.0417
INF093,12,47179,1937,41,0.0117,0.052,0.61,0.0334
INF093,13,47505,2349,58,0.0069,0.066,0.594,0.0408
INF093,14,47865,2203,58,0.0076,0.057,0.578,0.0446
INF093,15,48074,2694,61,0.0044,0.078,0.66,0.0401
INF093,16,48502,2672,69,0.0089,0.042,0.56,0.042
INF093,17,48554,1740,53,0.0011,0.118,0.658,0.0428
INF093,18,48744,3017,65,0.0039,0.102,0.604,0.0369
INF093,19,49033,2079,44,0.0059,0.088,0.579,0.0466
INF093,20,49292,3020,61,0.0053,0.102,0.57,0.0337
INF093,21,49669,1776,59,0.0076,0.076,0.633,0.055
INF093,22,49603,1697,22,-0.0013,0.089,0.6,0.0367
INF093,23,50222,3590,93,0.0125,0.06,0.6,0.0384
INF093,24,50486,2020,46,0.0053,0.113,0.558,0.0506
INF093,25,50984,2950,46,0.0099,0.086,0.613,0.0387
INF093,26,51313,2355,68,0.0065,0.069,0.629,0.0477
INF094,1,107585,6893,297,0.0,0.179,0.618,0.0773
INF094,2,108230,3955,162,0.006,0.138,0.621,0.0848
INF094,3,108411,2990,88,0.0017,0.234,0.603,0.0756
INF094,4,109434,7590,419,0.0094,0.18,0.551,0.0887
INF094,5,110343,7598,478,0.0083,0.148,0.57,0.1099
INF094,6,111477,5802,168,0.0103,0.246,0.573,0.1344
INF094,7,112379,6484,143,0.0081,0.19,0.569,0.104
INF094,8,113290,7144,247,0.0081,0.202,0.621,0.1029
INF094,9,113466,6637,227,0.0016,0.198,0.649,0.1014
INF094,10,113979,6217,365,0.0045,0.187,0.594,0.115
INF094,11,114372,6588,223,0.0034,0.128,0.576,0.1022
INF094,12,115180,6863,217,0.0071,0.159,0.565,0.0816
INF094,13,116503,7959,380,0.0115,0.205,0.643,0.1001
INF094,14,117189,6203,331,0.0059,0.198,0.61,0.1091
INF094,15,118001,8828,549,0.0069,0.213,0.61,0.0985
INF094,16,118529,7477,308,0.0045,0.171,0.588,0.1026
INF094,17,118875,5865,358,0.0029,0.175,0.57,0.1047
INF094,18,119761,15786,745,0.0075,0.123,0.651,0.0906
INF094,19,120378,9819,564,0.0052,0.156,0.613,0.1143
INF094,20,121340,5240,241,0.008,0.16,0.647,0.0829
INF094,21,122085,6957,224,0.0061,0.228,0.638,0.1352
INF094,22,122452,7680,244,0.003,0.174,0.621,0.0906
INF094,23,123582,6936,378,0.0092,0.142,0.609,0.0946
INF094,24,123848,7277,238,0.0022,0.219,0.557,0.1241
INF094,25,124882,6284,274,0.0083,0.18,0.558,0.0947
INF094,26,125080,7761,454,0.0016,0.155,0.576,0.1162
INF095,1,10056,864,4,0.0,0.733,0.327,0.0072
INF095,2,10125,608,3,0.0069,0.748,0.345,0.0079
INF095,3,10213,656,4,0.0087,0.71,0.304,0.0071
INF095,4,10248,1117,7,0.0034,0.71,0.303,0.0083
INF095,5,10284,861,4,0.0035,0.741,0.265,0.0102
INF095,6,10341,1166,9,0.0056,0.782,0.33,0.0125
INF095,7,13990,1584,10,0.3528,0.778,0.319,0.0129
INF095,8,14087,2021,9,0.0069,0.717,0.336,0.0128
INF095,9,14171,1887,8,0.006,0.78,0.338,0.0127
INF095,10,14323,1249,6,0.0107,0.74,0.275,0.0144
INF095,11,14451,1342,6,0.0089,0.766,0.3,0.0129
INF095,12,14587,1195,5,0.0094,0.768,0.271,0.0103
INF095,13,14691,1810,10,0.0072,0.733,0.33,0.0126
INF095,14,14681,1380,5,-0.0007,0.781,0.329,0.0137
INF095,15,21979,1785,12,0.4971,0.737,0.341,0.0183
INF095,16,22129,2703,9,0.0068,0.752,0.33,0.0192
INF095,17,22277,2756,18,0.0067,0.765,0.352,0.0196
INF095,18,22465,1850,12,0.0084,0.698,0.293,0.017
INF095,19,22596,2774,11,0.0058,0.773,0.276,0.0215
INF095,20,22746,2298,10,0.0067,0.781,0.338,0.0155
INF095,21,22877,2215,15,0.0057,0.737,0.295,0.0253
INF095,22,33584,3975,29,0.468,0.727,0.335,0.0248
INF095,23,33841,3612,20,0.0077,0.721,0.292,0.0259
INF095,24,34058,2506,12,0.0064,0.758,0.281,0.0341
INF095,25,34452,6029,29,0.0116,0.756,0.323,0.0261
INF095,26,34667,4471,21,0.0063,0.752,0.349,0.0322
INF096,1,8660,674,22,0.0,0.09,0.696,0.0062
INF096,2,8733,602,22,0.0084,0.042,0.751,0.0068
INF096,3,8799,409,15,0.0076,0.058,0.728,0.0061
INF096,4,8839,506,28,0.0045,0.058,0.733,0.0072
INF096,5,8919,481,20,0.009,0.101,0.783,0.0089
INF096,6,8993,433,20,0.0083,0.071,0.741,0.0108
INF096,7,9106,611,29,0.0126,0.109,0.746,0.0084
INF096,8,9159,359,12,0.0057,0.095,0.712,0.0083
INF096,9,9217,419,11,0.0064,0.074,0.742,0.0082
INF096,10,9210,950,53,-0.0007,0.132,0.775,0.0093
INF096,11,9282,772,19,0.0078,0.092,0.76,0.0083
INF096,12,9320,494,13,0.0041,0.069,0.71,0.0066
INF096,13,9384,421,15,0.0068,0.091,0.788,0.0081
INF096,14,9441,452,26,0.0061,0.131,0.76,0.0088
INF096,15,9511,375,15,0.0073,0.098,0.736,0.0079
INF096,16,9584,441,14,0.0077,0.075,0.743,0.0083
INF096,17,9689,508,25,0.011,0.074,0.732,0.0085
INF096,18,9689,486,14,-0.0,0.114,0.742,0.0073
INF096,19,9729,624,14,0.0042,0.111,0.759,0.0092
INF096,20,9809,654,29,0.0082,0.128,0.785,0.0067
INF096,21,9916,541,17,0.0109,0.069,0.74,0.011
INF096,22,10013,842,28,0.0098,0.071,0.761,0.0074
INF096,23,10029,874,36,0.0015,0.044,0.749,0.0077
INF096,24,10120,634,22,0.0091,0.063,0.817,0.0101
INF096,25,10253,539,19,0.0131,0.078,0.727,0.0078
INF096,26,10314,554,17,0.006,0.09,0.777,0.0096
INF097,1,45708,1914,60,0.0,0.135,0.811,0.0328
INF097,2,46096,2533,101,0.0085,0.158,0.752,0.0361
INF097,3,46486,2308,127,0.0085,0.117,0.757,0.0324
INF097,4,46846,2753,126,0.0077,0.145,0.746,0.038
INF097,5,47082,2694,116,0.005,0.188,0.793,0.0469
INF097,6,47475,2855,107,0.0083,0.104,0.793,0.0572
INF097,7,47592,3384,184,0.0025,0.198,0.762,0.044
INF097,8,47992,4454,347,0.0084,0.149,0.765,0.0436
INF097,9,48383,4596,155,0.0082,0.177,0.831,0.0432
INF097,10,48536,2745,81,0.0032,0.158,0.804,0.049
INF097,11,48737,2766,99,0.0041,0.2,0.788,0.0435
INF097,12,48867,2011,61,0.0027,0.145,0.808,0.0346
INF097,13,49304,3246,115,0.0089,0.165,0.784,0.0424
INF097,14,49888,2818,136,0.0119,0.112,0.732,0.0464
INF097,15,50097,2924,197,0.0042,0.134,0.75,0.0418
INF097,16,50156,2515,98,0.0012,0.174,0.869,0.0434
INF097,17,50218,2097,107,0.0012,0.112,0.823,0.0442
INF097,18,50645,4620,237,0.0085,0.142,0.74,0.0383
INF097,19,50996,1632,79,0.0069,0.165,0.761,0.0484
INF097,20,51364,3351,165,0.0072,0.126,0.757,0.0351
INF097,21,51635,3011,132,0.0053,0.149,0.763,0.0572
INF097,22,51854,2607,150,0.0042,0.137,0.782,0.0383
INF097,23,52203,2928,110,0.0067,0.169,0.751,0.04
INF097,24,52703,2630,108,0.0096,0.058,0.797,0.0528
INF097,25,52894,2781,126,0.0036,0.164,0.764,0.0401
INF097,26,53260,3607,203,0.0069,0.13,0.818,0.0495
INF098,1,42850,4149,156,0.0,0.792,0.358,0.0308
INF098,2,43168,2925,142,0.0074,0.772,0.346,0.0338
INF098,3,43456,4574,176,0.0067,0.82,0.335,0.0303
INF098,4,43699,4612,329,0.0056,0.71,0.338,0.0354
INF098,5,43854,5881,494,0.0035,0.781,0.375,0.0437
INF098,6,44117,4849,296,0.006,0.763,0.343,0.0532
INF098,7,44222,6726,248,0.0024,0.824,0.344,0.0409
INF098,8,44646,5170,289,0.0096,0.817,0.317,0.0406
INF098,9,45067,3531,132,0.0094,0.798,0.293,0.0403
INF098,10,45442,4301,198,0.0083,0.814,0.323,0.0458
INF098,11,45731,3688,150,0.0064,0.791,0.335,0.0409
INF098,12,46121,7621,282,0.0085,0.762,0.352,0.0327
INF098,13,46261,7402,293,0.003,0.757,0.317,0.0398
INF098,14,46531,3507,210,0.0058,0.787,0.268,0.0433
INF098,15,46797,6305,433,0.0057,0.813,0.386,0.0391
INF098,16,47190,5056,164,0.0084,0.832,0.308,0.0408
INF098,17,47506,5588,339,0.0067,0.828,0.34,0.0419
INF098,18,47779,5567,253,0.0057,0.796,0.369,0.0361
INF098,19,48116,5813,260,0.0071,0.741,0.34,0.0457
INF098,20,48567,8670,668,0.0094,0.734,0.338,0.0332
INF098,21,49204,4162,148,0.0131,0.8,0.349,0.0545
INF098,22,49328,7950,310,0.0025,0.819,0.364,0.0365
INF098,23,49592,6515,383,0.0054,0.789,0.314,0.038
INF098,24,49830,7582,332,0.0048,0.78,0.33,0.0499
INF098,25,50153,5748,227,0.0065,0.781,0.348,0.038
INF098,26,50309,8081,310,0.0031,0.813,0.304,0.0467
INF099,1,256435,10617,556,0.0,0.209,0.774,0.1842
INF099,2,256774,4978,282,0.0013,0.19,0.797,0.2011
INF099,3,259006,6797,388,0.0087,0.199,0.823,0.1805
INF099,4,260332,10184,580,0.0051,0.233,0.798,0.2111
INF099,5,261393,6723,293,0.0041,0.195,0.812,0.2603
INF099,6,262848,6407,521,0.0056,0.202,0.755,0.3168
INF099,7,263508,5832,298,0.0025,0.189,0.812,0.2438
INF099,8,264492,6146,225,0.0037,0.184,0.836,0.2403
INF099,9,265871,8501,537,0.0052,0.211,0.809,0.2376
INF099,10,267415,6987,256,0.0058,0.204,0.797,0.2698
INF099,11,269485,10637,500,0.0077,0.224,0.77,0.2407
INF099,12,271011,6476,257,0.0057,0.189,0.822,0.1919
INF099,13,271802,10344,536,0.0029,0.201,0.799,0.2336
INF099,14,273076,5839,319,0.0047,0.25,0.82,0.2542
INF099,15,275912,9495,717,0.0104,0.19,0.782,0.2303
INF099,16,275915,8977,486,0.0,0.273,0.8,0.2388
INF099,17,277429,7130,388,0.0055,0.18,0.78,0.2444
INF099,18,280346,8731,694,0.0105,0.18,0.804,0.212
INF099,19,280701,8924,531,0.0013,0.263,0.788,0.2666
INF099,20,282722,8361,318,0.0072,0.181,0.825,0.1931
INF099,21,285034,5059,155,0.0082,0.168,0.766,0.3156
INF099,22,287892,9811,592,0.01,0.197,0.762,0.2129
INF099,23,288161,8074,311,0.0009,0.199,0.814,0.2206
INF099,24,289543,8089,266,0.0048,0.205,0.829,0.29
INF099,25,291614,8485,358,0.0071,0.146,0.821,0.2212
INF099,26,291925,9115,493,0.0011,0.158,0.731,0.2712
INF100,1,68176,6424,303,0.0,0.09,0.656,0.049
INF100,2,68257,3422,94,0.0012,0.152,0.621,0.0535
INF100,3,68529,2880,154,0.004,0.154,0.655,0.0478
INF100,4,68654,9121,399,0.0018,0.15,0.607,0.0557
INF100,5,69522,3550,197,0.0126,0.063,0.637,0.0692
INF100,6,69984,2596,107,0.0067,0.106,0.692,0.0844
INF100,7,70265,5608,201,0.004,0.133,0.6,0.065
INF100,8,70939,5482,390,0.0096,0.108,0.667,0.0645
INF100,9,71436,5425,215,0.007,0.176,0.539,0.0638
INF100,10,72081,3102,176,0.009,0.106,0.619,0.0727
INF100,11,72804,3855,126,0.01,0.078,0.631,0.065
INF100,12,73191,3417,144,0.0053,0.11,0.648,0.0518
INF100,13,73309,3661,204,0.0016,0.187,0.622,0.063
INF100,14,73395,3987,158,0.0012,0.127,0.633,0.0683
INF100,15,73994,5249,306,0.0082,0.146,0.66,0.0618
INF100,16,74608,6483,320,0.0083,0.097,0.646,0.0646
INF100,17,74803,6305,345,0.0026,0.14,0.591,0.0659
INF100,18,75070,4489,270,0.0036,0.09,0.636,0.0568
INF100,19,75165,3426,159,0.0013,0.111,0.662,0.0714
INF100,20,75386,4232,226,0.0029,0.17,0.594,0.0515
INF100,21,76032,3820,250,0.0086,0.106,0.644,0.0842
INF100,22,76907,4508,211,0.0115,0.151,0.611,0.0569
INF100,23,77474,3414,145,0.0074,0.174,0.626,0.0593
INF100,24,78065,6484,222,0.0076,0.136,0.575,0.0782
INF100,25,78660,3853,340,0.0076,0.095,0.631,0.0597
INF100,26,79435,4249,221,0.0098,0.126,0.657,0.0738
INF101,1,46056,1843,76,0.0,0.168,0.715,0.0331
INF101,2,46354,2090,44,0.0065,0.129,0.664,0.0363
INF101,3,46539,2696,79,0.004,0.126,0.656,0.0324
INF101,4,47054,1689,60,0.0111,0.146,0.671,0.0382
INF101,5,47250,2755,69,0.0042,0.086,0.648,0.0471
INF101,6,47407,2526,70,0.0033,0.156,0.692,0.0571
INF101,7,47628,3276,102,0.0047,0.118,0.633,0.0441
INF101,8,47713,1884,60,0.0018,0.196,0.68,0.0434
INF101,9,48003,2482,85,0.0061,0.137,0.681,0.0429
INF101,10,48543,2081,105,0.0112,0.177,0.664,0.049
INF101,11,48543,3096,108,0.0,0.146,0.702,0.0434
INF101,12,48995,2949,81,0.0093,0.119,0.661,0.0347
INF101,13,49061,2440,122,0.0014,0.091,0.609,0.0422
INF101,14,49392,3939,127,0.0067,0.158,0.676,0.046
INF101,15,49577,3078,90,0.0037,0.171,0.638,0.0414
INF101,16,49890,2490,58,0.0063,0.105,0.691,0.0432
INF101,17,50372,2727,123,0.0097,0.111,0.656,0.0444
INF101,18,50813,2947,117,0.0087,0.096,0.664,0.0384
INF101,19,50978,3080,95,0.0032,0.104,0.696,0.0484
INF101,20,51427,1824,72,0.0088,0.161,0.661,0.0351
INF101,21,51675,2309,132,0.0048,0.156,0.713,0.0572
INF101,22,51967,1602,38,0.0056,0.121,0.709,0.0384
INF101,23,52292,4297,147,0.0063,0.132,0.666,0.04
INF101,24,52595,3268,176,0.0058,0.09,0.633,0.0527
INF101,25,52789,4193,156,0.0037,0.166,0.674,0.04
INF101,26,53104,2731,78,0.0059,0.099,0.646,0.0493
INF102,1,141227,4935,168,0.0,0.131,0.635,0.1014
INF102,2,142153,4239,148,0.0066,0.168,0.611,0.1114
INF102,3,142676,4271,132,0.0037,0.148,0.648,0.0994
INF102,4,143489,5530,109,0.0057,0.078,0.701,0.1163
INF102,5,144300,3440,123,0.0056,0.081,0.653,0.1437
INF102,6,144386,2893,45,0.0006,0.148,0.685,0.174
INF102,7,145891,2607,94,0.0104,0.078,0.675,0.135
INF102,8,147108,3782,85,0.0083,0.121,0.672,0.1337
INF102,9,147802,3018,66,0.0047,0.121,0.729,0.1321
INF102,10,149048,3138,74,0.0084,0.143,0.701,0.1504
INF102,11,150849,3401,66,0.0121,0.117,0.666,0.1347
INF102,12,151763,3678,110,0.0061,0.198,0.712,0.1075
INF102,13,152670,5120,216,0.006,0.166,0.683,0.1312
INF102,14,153173,3945,160,0.0033,0.105,0.72,0.1426
INF102,15,153726,3717,132,0.0036,0.143,0.681,0.1283
INF102,16,155003,3219,103,0.0083,0.144,0.654,0.1341
INF102,17,155829,4981,144,0.0053,0.117,0.664,0.1373
INF102,18,156644,3040,117,0.0052,0.163,0.664,0.1184
INF102,19,158074,3637,111,0.0091,0.151,0.663,0.1501
INF102,20,158839,3343,101,0.0048,0.145,0.693,0.1085
INF102,21,159455,4774,184,0.0039,0.209,0.667,0.1765
INF102,22,160162,3921,107,0.0044,0.161,0.694,0.1185
INF102,23,160429,4449,164,0.0017,0.113,0.72,0.1228
INF102,24,161939,4090,105,0.0094,0.084,0.653,0.1622
INF102,25,162582,6013,143,0.004,0.142,0.659,0.1233
INF102,26,163650,3870,65,0.0066,0.168,0.679,0.152
INF103,1,22369,753,12,0.0,0.177,0.662,0.0161
INF103,2,22581,1142,22,0.0095,0.159,0.683,0.0177
INF103,3,22702,960,17,0.0054,0.144,0.619,0.0158
INF103,4,22837,876,21,0.0059,0.172,0.701,0.0185
INF103,5,22953,730,19,0.0051,0.193,0.623,0.0229
INF103,6,23042,855,23,0.0039,0.113,0.649,0.0278
INF103,7,23271,606,14,0.01,0.143,0.678,0.0215
INF103,8,23346,782,18,0.0032,0.223,0.697,0.0212
INF103,9,23564,1036,13,0.0094,0.17,0.703,0.0211
INF103,10,23585,1209,26,0.0009,0.103,0.579,0.0238
INF103,11,23697,1115,39,0.0048,0.184,0.687,0.0212
INF103,12,23824,1036,31,0.0054,0.17,0.686,0.0169
INF103,13,23789,967,17,-0.0015,0.14,0.628,0.0204
INF103,14,24044,635,11,0.0108,0.192,0.676,0.0224
INF103,15,24272,1076,23,0.0095,0.207,0.648,0.0203
INF103,16,24445,1585,38,0.0071,0.216,0.658,0.0212
INF103,17,24650,646,8,0.0084,0.13,0.634,0.0217
INF103,18,24741,827,22,0.0037,0.162,0.639,0.0187
INF103,19,24814,896,15,0.003,0.193,0.651,0.0236
INF103,20,24962,548,11,0.006,0.179,0.673,0.0171
INF103,21,25173,837,13,0.0084,0.199,0.696,0.0279
INF103,22,25238,970,26,0.0026,0.114,0.643,0.0187
INF103,23,25409,727,13,0.0068,0.189,0.688,0.0195
INF103,24,25600,950,25,0.0075,0.205,0.711,0.0256
INF103,25,25726,1183,21,0.0049,0.166,0.67,0.0195
INF103,26,25802,907,21,0.0029,0.17,0.702,0.024
INF104,1,35873,1946,64,0.0,0.141,0.629,0.0258
INF104,2,36172,1679,75,0.0083,0.19,0.66,0.0283
INF104,3,36285,1310,44,0.0031,0.166,0.634,0.0253
INF104,4,36656,1969,127,0.0102,0.174,0.638,0.0297
INF104,5,36858,2045,80,0.0055,0.157,0.634,0.0367
INF104,6,37042,2142,87,0.005,0.178,0.653,0.0447
INF104,7,37268,1989,73,0.0061,0.131,0.618,0.0345
INF104,8,37560,1932,100,0.0078,0.162,0.642,0.0341
INF104,9,37745,2179,120,0.0049,0.15,0.674,0.0337
INF104,10,37972,1351,91,0.006,0.118,0.589,0.0383
INF104,11,38301,1930,100,0.0087,0.132,0.672,0.0342
INF104,12,38555,1917,71,0.0066,0.165,0.575,0.0273
INF104,13,38779,2921,151,0.0058,0.192,0.615,0.0333
INF104,14,39126,1838,54,0.0089,0.097,0.61,0.0364
INF104,15,39256,2410,146,0.0033,0.197,0.653,0.0328
INF104,16,39687,2085,96,0.011,0.149,0.623,0.0343
INF104,17,39963,2491,151,0.007,0.185,0.582,0.0352
INF104,18,40255,2419,133,0.0073,0.182,0.607,0.0304
INF104,19,40416,1100,33,0.004,0.141,0.658,0.0384
INF104,20,40550,1771,77,0.0033,0.144,0.603,0.0277
INF104,21,40780,1185,49,0.0057,0.236,0.629,0.0451
INF104,22,41187,1916,104,0.01,0.1,0.639,0.0305
INF104,23,41386,2035,144,0.0048,0.117,0.626,0.0317
INF104,24,41714,1596,101,0.0079,0.109,0.567,0.0418
INF104,25,41961,1772,66,0.0059,0.196,0.597,0.0318
INF104,26,42240,2318,115,0.0066,0.139,0.621,0.0392
INF105,1,73959,3186,101,0.0,0.146,0.131,0.0531
INF105,2,74341,2243,94,0.0052,0.251,0.096,0.0582
INF105,3,74890,5035,163,0.0074,0.224,0.175,0.0522
INF105,4,75529,2790,72,0.0085,0.237,0.043,0.0612
INF105,5,75759,3638,105,0.003,0.203,0.106,0.0755
INF105,6,76075,3177,109,0.0042,0.185,0.079,0.0917
INF105,7,76363,4068,131,0.0038,0.176,0.174,0.0706
INF105,8,99377,4615,127,0.3014,0.18,0.121,0.0903
INF105,9,100426,3538,151,0.0106,0.183,0.157,0.0898
INF105,10,101455,5516,221,0.0102,0.226,0.094,0.1023
INF105,11,102711,4044,101,0.0124,0.197,0.133,0.0917
INF105,12,103141,3768,155,0.0042,0.197,0.11,0.073
INF105,13,127325,5198,158,0.2345,0.193,0.131,0.1094
INF105,14,127881,6822,228,0.0044,0.182,0.094,0.119
INF105,15,129054,3744,73,0.0092,0.207,0.094,0.1077
INF105,16,129965,4343,143,0.0071,0.144,0.18,0.1125
INF105,17,130546,3845,174,0.0045,0.181,0.125,0.115
INF105,18,130777,6482,157,0.0018,0.172,0.144,0.0989
INF105,19,166084,7133,212,0.27,0.205,0.028,0.1577
INF105,20,166929,4745,159,0.0051,0.187,0.069,0.114
INF105,21,167258,6317,201,0.002,0.216,0.09,0.1852
INF105,22,168159,7296,199,0.0054,0.173,0.067,0.1244
INF105,23,169186,4203,150,0.0061,0.234,0.106,0.1295
INF105,24,169846,10395,334,0.0039,0.179,0.1,0.1701
INF105,25,170783,4499,78,0.0055,0.233,0.085,0.1295
INF105,26,171524,6479,240,0.0043,0.203,0.112,0.1593
INF106,1,8096,178,11,0.0,0.113,0.795,0.0058
INF106,2,8128,210,11,0.0039,0.05,0.805,0.0064
INF106,3,8144,209,7,0.0021,0.074,0.77,0.0057
INF106,4,8189,199,7,0.0055,0.033,0.792,0.0066
INF106,5,8265,444,22,0.0092,0.084,0.873,0.0082
INF106,6,8293,318,17,0.0034,0.14,0.804,0.01
INF106,7,8363,340,18,0.0084,0.107,0.82,0.0077
INF106,8,8410,222,16,0.0056,0.042,0.872,0.0076
INF106,9,8450,251,11,0.0048,0.061,0.795,0.0076
INF106,10,8481,272,13,0.0037,0.069,0.858,0.0086
INF106,11,8505,219,8,0.0028,0.089,0.818,0.0076
INF106,12,8597,177,10,0.0108,0.079,0.778,0.0061
INF106,13,8613,336,15,0.0018,0.088,0.802,0.0074
INF106,14,8706,276,17,0.0108,0.101,0.819,0.0081
INF106,15,8790,253,11,0.0096,0.066,0.811,0.0073
INF106,16,8826,137,5,0.0041,0.087,0.776,0.0076
INF106,17,8867,272,19,0.0046,0.057,0.824,0.0078
INF106,18,8909,170,7,0.0048,0.018,0.829,0.0067
INF106,19,8949,219,9,0.0044,0.079,0.783,0.0085
INF106,20,9003,248,12,0.006,0.077,0.804,0.0062
INF106,21,9043,214,11,0.0045,0.039,0.848,0.01
INF106,22,9105,350,13,0.0069,0.063,0.784,0.0067
INF106,23,9183,304,18,0.0086,0.074,0.795,0.007
INF106,24,9247,255,9,0.007,0.058,0.822,0.0093
INF106,25,9308,378,16,0.0066,0.053,0.784,0.0071
INF106,26,9355,362,15,0.005,0.062,0.789,0.0087
INF107,1,4397,199,12,0.0,0.105,0.777,0.0032
INF107,2,4408,378,18,0.0024,0.172,0.739,0.0035
INF107,3,4441,238,11,0.0075,0.162,0.749,0.0031
INF107,4,4476,226,17,0.0079,0.144,0.79,0.0036
INF107,5,4480,162,8,0.0009,0.168,0.755,0.0045
INF107,6,4530,252,9,0.0112,0.149,0.705,0.0055
INF107,7,4548,329,20,0.004,0.133,0.74,0.0042
INF107,8,4576,169,8,0.0061,0.156,0.718,0.0042
INF107,9,4626,172,6,0.0108,0.139,0.749,0.0041
INF107,10,4657,281,10,0.0068,0.183,0.83,0.0047
INF107,11,4690,229,13,0.0069,0.136,0.714,0.0042
INF107,12,4714,249,15,0.0053,0.113,0.75,0.0033
INF107,13,4746,241,16,0.0067,0.148,0.798,0.0041
INF107,14,4784,205,9,0.0079,0.192,0.809,0.0045
INF107,15,4802,160,7,0.0038,0.162,0.709,0.004
INF107,16,4826,209,6,0.005,0.155,0.768,0.0042
INF107,17,4839,182,9,0.0027,0.131,0.701,0.0043
INF107,18,4872,197,8,0.0067,0.129,0.807,0.0037
INF107,19,4916,196,12,0.0091,0.146,0.731,0.0047
INF107,20,4964,196,11,0.0098,0.152,0.8,0.0034
INF107,21,4981,199,7,0.0034,0.125,0.73,0.0055
INF107,22,5006,236,10,0.0049,0.118,0.736,0.0037
INF107,23,5070,256,16,0.0127,0.138,0.801,0.0039
INF107,24,5104,336,20,0.0069,0.187,0.748,0.0051
INF107,25,5122,276,11,0.0035,0.123,0.705,0.0039
INF107,26,5141,278,15,0.0036,0.137,0.71,0.0048
INF108,1,31480,1065,30,0.0,0.17,0.568,0.0226
INF108,2,31772,1608,42,0.0093,0.156,0.512,0.0249
INF108,3,32026,1588,74,0.008,0.148,0.578,0.0223
INF108,4,32151,2257,127,0.0039,0.149,0.565,0.0261
INF108,5,32179,986,48,0.0009,0.196,0.617,0.032
INF108,6,32415,1579,72,0.0073,0.177,0.576,0.0391
INF108,7,32619,1702,124,0.0063,0.172,0.6,0.0302
INF108,8,32726,1114,36,0.0033,0.171,0.502,0.0297
INF108,9,32796,1451,63,0.0022,0.145,0.581,0.0293
INF108,10,33179,1739,50,0.0117,0.105,0.518,0.0335
INF108,11,33603,950,26,0.0128,0.135,0.594,0.03
INF108,12,33834,1084,52,0.0069,0.152,0.558,0.024
INF108,13,34061,1533,111,0.0067,0.141,0.533,0.0293
INF108,14,34238,1304,57,0.0052,0.133,0.593,0.0319
INF108,15,34484,1200,87,0.0072,0.196,0.609,0.0288
INF108,16,34712,1447,49,0.0066,0.133,0.549,0.03
INF108,17,34884,2735,128,0.005,0.143,0.559,0.0307
INF108,18,35164,1450,45,0.008,0.156,0.577,0.0266
INF108,19,35383,1928,69,0.0062,0.141,0.611,0.0336
INF108,20,35463,1442,64,0.0023,0.12,0.581,0.0242
INF108,21,35858,1631,80,0.0111,0.17,0.562,0.0397
INF108,22,36036,1650,62,0.005,0.162,0.574,0.0267
INF108,23,36142,1813,76,0.0029,0.144,0.615,0.0277
INF108,24,36475,1752,75,0.0092,0.134,0.62,0.0365
INF108,25,36618,1060,38,0.0039,0.169,0.603,0.0278
INF108,26,37039,1452,113,0.0115,0.112,0.55,0.0344
INF109,1,10619,440,36,0.0,0.131,0.585,0.0076
INF109,2,10698,297,14,0.0074,0.119,0.609,0.0084
INF109,3,10757,380,22,0.0056,0.056,0.585,0.0075
INF109,4,10829,377,11,0.0067,0.113,0.581,0.0088
INF109,5,10928,310,16,0.0091,0.036,0.594,0.0109
INF109,6,10993,343,19,0.0059,0.095,0.605,0.0133
INF109,7,11050,414,14,0.0052,0.081,0.61,0.0102
INF109,8,11136,517,18,0.0078,0.083,0.59,0.0101
INF109,9,11221,292,19,0.0077,0.119,0.592,0.01
INF109,10,11256,502,14,0.0031,0.112,0.583,0.0114
INF109,11,11294,308,9,0.0033,0.143,0.641,0.0101
INF109,12,11372,376,19,0.0069,0.084,0.606,0.0081
INF109,13,11462,277,12,0.0079,0.112,0.667,0.0099
INF109,14,11530,676,29,0.0059,0.115,0.581,0.0107
INF109,15,11607,374,18,0.0067,0.091,0.616,0.0097
INF109,16,11656,340,11,0.0042,0.134,0.576,0.0101
INF109,17,11676,322,26,0.0017,0.059,0.573,0.0103
INF109,18,11748,319,7,0.0061,0.027,0.627,0.0089
INF109,19,11757,399,14,0.0008,0.082,0.66,0.0112
INF109,20,11799,424,23,0.0036,0.078,0.601,0.0081
INF109,21,11840,369,14,0.0034,0.088,0.616,0.0131
INF109,22,11920,286,13,0.0067,0.113,0.601,0.0088
INF109,23,11984,365,13,0.0054,0.119,0.624,0.0092
INF109,24,11998,562,18,0.0011,0.016,0.575,0.012
INF109,25,12025,477,15,0.0022,0.112,0.586,0.0091
INF109,26,12201,422,19,0.0147,0.046,0.619,0.0113
INF110,1,78374,3368,83,0.0,0.22,0.761,0.0563
INF110,2,78813,1990,40,0.0056,0.146,0.67,0.0617
INF110,3,79121,4925,169,0.0039,0.173,0.74,0.0551
INF110,4,79399,4007,100,0.0035,0.134,0.738,0.0644
INF110,5,79486,4702,111,0.0011,0.159,0.685,0.0792
INF110,6,79542,4276,128,0.0007,0.225,0.724,0.0959
INF110,7,79855,4899,229,0.0039,0.194,0.723,0.0739
INF110,8,80807,5896,124,0.0119,0.171,0.73,0.0734
INF110,9,81776,5689,199,0.012,0.158,0.722,0.0731
INF110,10,81857,2936,53,0.001,0.172,0.699,0.0826
INF110,11,81879,5065,115,0.0003,0.175,0.74,0.0731
INF110,12,82538,3474,85,0.0081,0.183,0.696,0.0584
INF110,13,82837,6130,187,0.0036,0.181,0.742,0.0712
INF110,14,83295,4103,134,0.0055,0.199,0.716,0.0775
INF110,15,84183,3474,134,0.0107,0.155,0.695,0.0703
INF110,16,85047,3829,67,0.0103,0.124,0.695,0.0736
INF110,17,85462,4745,124,0.0049,0.118,0.721,0.0753
INF110,18,86308,5333,190,0.0099,0.179,0.698,0.0653
INF110,19,87049,4354,95,0.0086,0.162,0.756,0.0827
INF110,20,87210,6305,160,0.0018,0.203,0.771,0.0596
INF110,21,87347,6393,229,0.0016,0.195,0.7,0.0967
INF110,22,87550,6246,170,0.0023,0.186,0.723,0.0647
INF110,23,87910,3775,66,0.0041,0.202,0.726,0.0673
INF110,24,88215,3820,117,0.0035,0.164,0.703,0.0884
INF110,25,88729,5258,286,0.0058,0.157,0.732,0.0673
INF110,26,88931,5481,154,0.0023,0.137,0.659,0.0826
INF111,1,25356,1286,68,0.0,0.213,0.56,0.0182
INF111,2,25521,1331,55,0.0065,0.223,0.524,0.02
INF111,3,25709,1134,49,0.0074,0.173,0.544,0.0179
INF111,4,25801,1363,64,0.0036,0.218,0.547,0.0209
INF111,5,26003,1267,53,0.0078,0.232,0.581,0.0259
INF111,6,26085,1279,42,0.0031,0.222,0.537,0.0314
INF111,7,26227,1390,53,0.0054,0.193,0.557,0.0243
INF111,8,26444,1595,52,0.0083,0.205,0.564,0.024
INF111,9,26651,1496,55,0.0078,0.19,0.513,0.0238
INF111,10,26785,947,43,0.005,0.221,0.566,0.027
INF111,11,26925,997,36,0.0053,0.204,0.525,0.0241
INF111,12,27087,1206,43,0.006,0.167,0.556,0.0192
INF111,13,27280,1119,39,0.0071,0.209,0.499,0.0234
INF111,14,27367,772,45,0.0032,0.168,0.54,0.0255
INF111,15,27434,1013,28,0.0024,0.122,0.525,0.0229
INF111,16,27602,1950,96,0.0061,0.249,0.547,0.0239
INF111,17,27873,1997,78,0.0098,0.164,0.529,0.0246
INF111,18,27954,1126,49,0.0029,0.244,0.589,0.0211
INF111,19,28397,1571,60,0.0159,0.238,0.527,0.027
INF111,20,28466,1444,59,0.0024,0.216,0.521,0.0194
INF111,21,28533,1764,90,0.0024,0.23,0.53,0.0316
INF111,22,28759,1035,65,0.0079,0.131,0.521,0.0213
INF111,23,28979,1433,34,0.0077,0.204,0.56,0.0222
INF111,24,29116,980,47,0.0047,0.201,0.527,0.0292
INF111,25,29180,1366,44,0.0022,0.253,0.566,0.0221
INF111,26,29339,1597,79,0.0055,0.26,0.509,0.0273
INF112,1,39514,943,25,0.0,0.123,0.754,0.0284
INF112,2,39783,1710,81,0.0068,0.061,0.757,0.0312
INF112,3,40082,1441,61,0.0075,0.047,0.776,0.0279
INF112,4,40390,1846,67,0.0077,0.089,0.796,0.0328
INF112,5,40547,1459,72,0.0039,0.018,0.824,0.0404
INF112,6,40835,1800,62,0.0071,0.05,0.713,0.0492
INF112,7,40914,1752,38,0.0019,0.068,0.775,0.0378
INF112,8,41124,2566,132,0.0051,0.081,0.79,0.0374
INF112,9,41220,2485,123,0.0023,0.012,0.76,0.0368
INF112,10,41503,2229,62,0.0069,0.068,0.822,0.0419
INF112,11,41895,1531,49,0.0095,0.036,0.801,0.0374
INF112,12,42124,1533,81,0.0055,0.102,0.779,0.0298
INF112,13,42200,2557,89,0.0018,0.042,0.802,0.0363
INF112,14,42635,2744,95,0.0103,0.104,0.798,0.0397
INF112,15,43011,1613,85,0.0088,0.07,0.77,0.0359
INF112,16,43305,1809,69,0.0069,0.058,0.805,0.0375
INF112,17,43576,2063,132,0.0063,0.083,0.766,0.0384
INF112,18,43803,2420,144,0.0052,0.072,0.788,0.0331
INF112,19,44173,1906,76,0.0084,0.062,0.77,0.042
INF112,20,44650,1536,54,0.0108,0.067,0.789,0.0305
INF112,21,44909,2602,83,0.0058,0.051,0.758,0.0497
INF112,22,45313,2031,98,0.009,0.029,0.811,0.0335
INF112,23,45464,2412,76,0.0033,0.053,0.772,0.0348
INF112,24,45368,2355,85,-0.0021,0.039,0.8,0.0454
INF112,25,45653,2595,65,0.0063,0.0,0.804,0.0346
INF112,26,45866,3182,139,0.0047,0.028,0.729,0.0426
INF113,1,47356,1576,49,0.0,0.109,0.687,0.034
INF113,2,47834,1398,53,0.0101,0.109,0.746,0.0375
INF113,3,47938,1401,61,0.0022,0.143,0.695,0.0334
INF113,4,48168,1085,41,0.0048,0.144,0.697,0.0391
INF113,5,48479,1310,55,0.0065,0.119,0.694,0.0483
INF113,6,48740,1162,30,0.0054,0.137,0.695,0.0588
INF113,7,49112,1795,88,0.0076,0.086,0.689,0.0454
INF113,8,49563,2555,90,0.0092,0.073,0.689,0.045
INF113,9,49992,1880,71,0.0087,0.108,0.729,0.0447
INF113,10,50251,1518,63,0.0052,0.093,0.717,0.0507
INF113,11,50497,2233,92,0.0049,0.109,0.739,0.0451
INF113,12,50593,1321,44,0.0019,0.171,0.691,0.0358
INF113,13,50755,2287,82,0.0032,0.121,0.668,0.0436
INF113,14,51193,1636,51,0.0086,0.147,0.742,0.0477
INF113,15,51180,2074,73,-0.0002,0.18,0.694,0.0427
INF113,16,51588,1728,66,0.008,0.151,0.678,0.0446
INF113,17,52163,2879,81,0.0111,0.101,0.716,0.046
INF113,18,52294,2580,84,0.0025,0.159,0.744,0.0395
INF113,19,52843,2300,92,0.0105,0.112,0.708,0.0502
INF113,20,53346,2136,54,0.0095,0.106,0.715,0.0364
INF113,21,53356,1313,38,0.0002,0.131,0.742,0.0591
INF113,22,53802,2083,55,0.0084,0.105,0.723,0.0398
INF113,23,53981,1415,59,0.0033,0.08,0.726,0.0413
INF113,24,54547,1480,54,0.0105,0.087,0.687,0.0546
INF113,25,54765,2349,90,0.004,0.118,0.673,0.0415
INF113,26,54860,2180,119,0.0017,0.082,0.674,0.051
INF114,1,36918,1714,66,0.0,0.111,0.652,0.0265
INF114,2,37135,1757,55,0.0059,0.178,0.691,0.0291
INF114,3,37223,1964,62,0.0024,0.146,0.747,0.0259
INF114,4,37457,1769,83,0.0063,0.213,0.779,0.0304
INF114,5,37655,2198,71,0.0053,0.176,0.721,0.0375
INF114,6,37809,2244,63,0.0041,0.182,0.681,0.0456
INF114,7,38051,2217,89,0.0064,0.202,0.703,0.0352
INF114,8,38285,2069,72,0.0062,0.167,0.738,0.0348
INF114,9,38459,2154,90,0.0045,0.197,0.696,0.0344
INF114,10,38704,2332,110,0.0064,0.153,0.695,0.039
INF114,11,38986,1458,72,0.0073,0.187,0.728,0.0348
INF114,12,39259,1853,68,0.007,0.173,0.688,0.0278
INF114,13,39697,2259,88,0.0112,0.211,0.716,0.0341
INF114,14,39958,3279,139,0.0066,0.165,0.708,0.0372
INF114,15,40197,2333,168,0.006,0.177,0.73,0.0336
INF114,16,40132,2816,87,-0.0016,0.214,0.696,0.0347
INF114,17,40481,2033,66,0.0087,0.143,0.677,0.0357
INF114,18,40518,1806,62,0.0009,0.181,0.715,0.0306
INF114,19,40689,2106,93,0.0042,0.184,0.694,0.0386
INF114,20,41016,2674,108,0.008,0.171,0.698,0.028
INF114,21,41186,2367,89,0.0042,0.182,0.656,0.0456
INF114,22,41287,2370,95,0.0024,0.123,0.746,0.0305
INF114,23,41520,2899,171,0.0057,0.142,0.715,0.0318
INF114,24,41719,1939,88,0.0048,0.182,0.727,0.0418
INF114,25,41599,2943,159,-0.0029,0.203,0.721,0.0315
INF114,26,41804,1677,48,0.0049,0.188,0.721,0.0388
INF115,1,23225,1148,33,0.0,0.173,0.77,0.0167
INF115,2,23422,1301,48,0.0085,0.195,0.705,0.0183
INF115,3,23573,1185,24,0.0065,0.142,0.698,0.0164
INF115,4,23682,1392,71,0.0046,0.197,0.698,0.0192
INF115,5,23711,1233,37,0.0012,0.113,0.704,0.0236
INF115,6,23679,1158,35,-0.0013,0.147,0.682,0.0285
INF115,7,23769,1362,41,0.0038,0.181,0.683,0.022
INF115,8,23893,836,22,0.0052,0.075,0.704,0.0217
INF115,9,24008,1277,33,0.0048,0.132,0.737,0.0215
INF115,10,24218,1034,28,0.0087,0.174,0.733,0.0244
INF115,11,24443,1664,47,0.0093,0.147,0.711,0.0218
INF115,12,24450,1051,32,0.0003,0.061,0.683,0.0173
INF115,13,24501,1369,31,0.0021,0.121,0.694,0.0211
INF115,14,24704,1384,64,0.0083,0.143,0.703,0.023
INF115,15,24870,1507,56,0.0067,0.126,0.73,0.0208
INF115,16,25070,1301,29,0.008,0.149,0.719,0.0217
INF115,17,25112,1838,40,0.0017,0.159,0.702,0.0221
INF115,18,25130,1981,77,0.0007,0.104,0.687,0.019
INF115,19,25303,1505,51,0.0069,0.11,0.677,0.024
INF115,20,25402,940,28,0.0039,0.188,0.728,0.0174
INF115,21,25513,1230,42,0.0044,0.177,0.718,0.0282
INF115,22,25512,1501,29,-0.0,0.113,0.682,0.0189
INF115,23,25616,2199,53,0.0041,0.106,0.693,0.0196
INF115,24,25938,1296,21,0.0126,0.171,0.698,0.026
INF115,25,26111,1272,34,0.0067,0.231,0.662,0.0198
INF115,26,26263,2004,51,0.0058,0.123,0.723,0.0244
INF116,1,71664,6455,202,0.0,0.138,0.799,0.0515
INF116,2,71875,3559,117,0.0029,0.211,0.741,0.0563
INF116,3,72403,4130,119,0.0073,0.194,0.743,0.0505
INF116,4,72732,4482,208,0.0045,0.138,0.711,0.059
INF116,5,73384,4301,144,0.009,0.185,0.794,0.0731
INF116,6,73555,5158,146,0.0023,0.179,0.837,0.0887
INF116,7,74167,3627,96,0.0083,0.161,0.763,0.0686
INF116,8,74715,5657,199,0.0074,0.219,0.809,0.0679
INF116,9,74578,4686,168,-0.0018,0.189,0.818,0.0666
INF116,10,75161,2968,81,0.0078,0.157,0.806,0.0758
INF116,11,75122,3968,161,-0.0005,0.228,0.771,0.0671
INF116,12,75143,2802,76,0.0003,0.155,0.713,0.0532
INF116,13,75852,3996,143,0.0094,0.15,0.78,0.0652
INF116,14,76600,4711,192,0.0099,0.2,0.795,0.0713
INF116,15,77219,4131,116,0.0081,0.161,0.69,0.0645
INF116,16,77807,5743,162,0.0076,0.239,0.767,0.0673
INF116,17,78406,4390,117,0.0077,0.157,0.774,0.0691
INF116,18,78949,3437,151,0.0069,0.189,0.818,0.0597
INF116,19,79579,2995,114,0.008,0.154,0.76,0.0756
INF116,20,80440,3599,114,0.0108,0.221,0.755,0.055
INF116,21,81374,5156,114,0.0116,0.153,0.726,0.0901
INF116,22,81752,3093,67,0.0046,0.16,0.738,0.0605
INF116,23,82339,4057,99,0.0072,0.173,0.815,0.063
INF116,24,82597,4930,135,0.0031,0.088,0.757,0.0827
INF116,25,82972,3654,153,0.0045,0.186,0.767,0.0629
INF116,26,83060,6693,311,0.0011,0.168,0.801,0.0772
INF117,1,18352,372,10,0.0,0.138,0.676,0.0132
INF117,2,18425,428,17,0.004,0.207,0.726,0.0144
INF117,3,18523,444,10,0.0054,0.238,0.735,0.0129
INF117,4,18724,414,13,0.0108,0.206,0.725,0.0152
INF117,5,18746,534,16,0.0012,0.196,0.712,0.0187
INF117,6,18902,467,11,0.0083,0.169,0.683,0.0228
INF117,7,19016,522,16,0.006,0.214,0.698,0.0176
INF117,8,19229,542,16,0.0112,0.185,0.693,0.0175
INF117,9,19399,660,24,0.0089,0.148,0.669,0.0173
INF117,10,19617,578,18,0.0112,0.148,0.735,0.0198
INF117,11,19719,401,21,0.0052,0.222,0.702,0.0176
INF117,12,19774,433,12,0.0028,0.144,0.718,0.014
INF117,13,19867,638,22,0.0047,0.218,0.635,0.0171
INF117,14,20034,573,24,0.0084,0.167,0.722,0.0186
INF117,15,20114,449,7,0.004,0.15,0.675,0.0168
INF117,16,20215,538,13,0.005,0.189,0.763,0.0175
INF117,17,20350,657,25,0.0067,0.124,0.683,0.0179
INF117,18,20373,825,18,0.0011,0.136,0.724,0.0154
INF117,19,20510,526,18,0.0067,0.172,0.68,0.0195
INF117,20,20670,452,11,0.0078,0.152,0.777,0.0141
INF117,21,20774,366,8,0.0051,0.206,0.689,0.023
INF117,22,20902,623,13,0.0061,0.152,0.742,0.0155
INF117,23,21004,728,19,0.0049,0.201,0.71,0.0161
INF117,24,21178,532,16,0.0082,0.179,0.65,0.0212
INF117,25,21295,533,27,0.0056,0.224,0.706,0.0162
INF117,26,21504,426,13,0.0098,0.137,0.678,0.02
INF118,1,51957,1662,101,0.0,0.186,0.746,0.0373
INF118,2,52103,2299,78,0.0028,0.166,0.672,0.0408
INF118,3,52340,1832,112,0.0045,0.159,0.749,0.0365
INF118,4,52567,2629,84,0.0043,0.073,0.723,0.0426
INF118,5,52806,2113,124,0.0045,0.191,0.746,0.0526
INF118,6,53233,1834,96,0.0081,0.118,0.725,0.0642
INF118,7,53728,3195,133,0.0093,0.151,0.726,0.0497
INF118,8,53977,2180,96,0.0046,0.145,0.697,0.049
INF118,9,54370,1838,100,0.0073,0.125,0.737,0.0486
INF118,10,54542,2046,89,0.0032,0.154,0.785,0.055
INF118,11,54709,2301,65,0.0031,0.13,0.785,0.0489
INF118,12,55143,1915,78,0.0079,0.162,0.757,0.039
INF118,13,55537,3162,190,0.0071,0.141,0.698,0.0477
INF118,14,55773,3178,129,0.0042,0.124,0.743,0.0519
INF118,15,56126,2194,87,0.0063,0.134,0.725,0.0468
INF118,16,56545,2351,134,0.0075,0.174,0.746,0.0489
INF118,17,57146,2645,288,0.0106,0.187,0.698,0.0503
INF118,18,57361,1777,79,0.0038,0.146,0.704,0.0434
INF118,19,57540,2129,152,0.0031,0.154,0.77,0.0546
INF118,20,57897,3147,136,0.0062,0.174,0.784,0.0396
INF118,21,58084,1514,100,0.0032,0.128,0.743,0.0643
INF118,22,58219,2119,109,0.0023,0.158,0.737,0.0431
INF118,23,58607,2583,135,0.0067,0.114,0.709,0.0449
INF118,24,58735,2101,113,0.0022,0.172,0.67,0.0588
INF118,25,59112,1549,50,0.0064,0.114,0.675,0.0448
INF118,26,59508,2111,109,0.0067,0.133,0.691,0.0553
INF119,1,65822,6221,36,0.0,0.548,0.252,0.0473
INF119,2,66193,7690,35,0.0056,0.581,0.35,0.0519
INF119,3,66585,8150,69,0.0059,0.539,0.24,0.0464
INF119,4,67061,6239,38,0.0071,0.548,0.309,0.0544
INF119,5,67557,6211,49,0.0074,0.566,0.269,0.0673
INF119,6,67850,5880,37,0.0043,0.516,0.279,0.0818
INF119,7,68110,6893,48,0.0038,0.576,0.313,0.063
INF119,8,68367,5814,55,0.0038,0.576,0.267,0.0621
INF119,9,68916,6169,34,0.008,0.583,0.304,0.0616
INF119,10,89250,13013,97,0.2951,0.585,0.3,0.09
INF119,11,117755,14446,112,0.3194,0.513,0.296,0.1052
INF119,12,118733,11361,51,0.0083,0.62,0.288,0.0841
INF119,13,119236,10013,67,0.0042,0.569,0.31,0.1025
INF119,14,119930,13157,107,0.0058,0.499,0.282,0.1116
INF119,15,120306,18350,100,0.0031,0.535,0.307,0.1004
INF119,16,120984,12273,66,0.0056,0.593,0.328,0.1047
INF119,17,121536,10561,55,0.0046,0.57,0.28,0.1071
INF119,18,122202,8348,46,0.0055,0.543,0.31,0.0924
INF119,19,122668,14517,97,0.0038,0.599,0.346,0.1165
INF119,20,123466,13887,84,0.0065,0.519,0.383,0.0843
INF119,21,123760,14353,63,0.0024,0.584,0.299,0.137
INF119,22,124062,25823,211,0.0024,0.56,0.27,0.0918
INF119,23,124904,16113,127,0.0068,0.608,0.315,0.0956
INF119,24,125376,11534,76,0.0038,0.552,0.236,0.1256
INF119,25,125614,12665,71,0.0019,0.588,0.256,0.0953
INF119,26,126555,15178,137,0.0075,0.551,0.308,0.1176
INF120,1,55323,1798,61,0.0,0.102,0.592,0.0397
INF120,2,55705,2929,111,0.0069,0.091,0.625,0.0436
INF120,3,56094,3485,102,0.007,0.153,0.615,0.0391
INF120,4,56454,2296,42,0.0064,0.2,0.609,0.0458
INF120,5,56842,2471,121,0.0069,0.166,0.616,0.0566
INF120,6,57382,3148,65,0.0095,0.133,0.611,0.0692
INF120,7,57616,2576,104,0.0041,0.133,0.575,0.0533
INF120,8,57769,2543,88,0.0026,0.147,0.591,0.0525
INF120,9,57960,2566,114,0.0033,0.098,0.577,0.0518
INF120,10,58450,2346,58,0.0085,0.122,0.628,0.059
INF120,11,58787,2680,80,0.0058,0.146,0.585,0.0525
INF120,12,58997,3125,103,0.0036,0.197,0.556,0.0418
INF120,13,59441,3118,97,0.0075,0.158,0.576,0.0511
INF120,14,59643,2061,168,0.0034,0.111,0.627,0.0555
INF120,15,60045,3808,100,0.0067,0.156,0.608,0.0501
INF120,16,60164,2721,108,0.002,0.139,0.602,0.0521
INF120,17,60392,2228,67,0.0038,0.143,0.627,0.0532
INF120,18,60867,2676,74,0.0079,0.095,0.633,0.046
INF120,19,61149,2513,47,0.0046,0.122,0.624,0.0581
INF120,20,61767,4012,156,0.0101,0.172,0.604,0.0422
INF120,21,62044,1942,62,0.0045,0.118,0.578,0.0687
INF120,22,62763,2502,72,0.0116,0.093,0.631,0.0464
INF120,23,62858,3983,163,0.0015,0.131,0.614,0.0481
INF120,24,63201,3535,151,0.0055,0.14,0.527,0.0633
INF120,25,63552,2337,51,0.0055,0.132,0.599,0.0482
INF120,26,64103,4157,187,0.0087,0.173,0.586,0.0596
INF121,1,8990,579,19,0.0,0.125,0.624,0.0065
INF121,2,9062,515,16,0.0081,0.125,0.614,0.0071
INF121,3,9106,1039,24,0.0048,0.162,0.621,0.0063
INF121,4,9178,546,10,0.0079,0.121,0.638,0.0074
INF121,5,9237,404,9,0.0064,0.08,0.635,0.0092
INF121,6,9301,843,24,0.007,0.133,0.689,0.0112
INF121,7,9341,713,23,0.0042,0.109,0.598,0.0086
INF121,8,9383,418,12,0.0045,0.113,0.655,0.0085
INF121,9,9463,613,19,0.0085,0.12,0.654,0.0085
INF121,10,9508,546,9,0.0048,0.137,0.631,0.0096
INF121,11,9593,487,19,0.0089,0.075,0.643,0.0086
INF121,12,9647,507,9,0.0056,0.159,0.667,0.0068
INF121,13,9722,636,8,0.0079,0.13,0.583,0.0084
INF121,14,9849,693,22,0.013,0.117,0.62,0.0092
INF121,15,9842,710,14,-0.0007,0.133,0.672,0.0082
INF121,16,9899,446,10,0.0058,0.143,0.65,0.0086
INF121,17,9969,377,5,0.0072,0.144,0.633,0.0088
INF121,18,10024,417,8,0.0055,0.096,0.684,0.0076
INF121,19,10102,439,6,0.0078,0.166,0.59,0.0096
INF121,20,10136,590,9,0.0033,0.093,0.617,0.0069
INF121,21,10208,619,16,0.0071,0.156,0.619,0.0113
INF121,22,10305,633,10,0.0095,0.183,0.652,0.0076
INF121,23,10397,924,31,0.009,0.149,0.629,0.008
INF121,24,10509,530,12,0.0107,0.072,0.624,0.0105
INF121,25,10622,540,9,0.0108,0.182,0.681,0.0081
INF121,26,10687,533,11,0.006,0.107,0.584,0.0099
INF122,1,77092,2057,53,0.0,0.06,0.724,0.0554
INF122,2,77799,2127,65,0.0092,0.054,0.718,0.0609
INF122,3,78518,1986,47,0.0092,0.113,0.772,0.0547
INF122,4,78753,1354,30,0.003,0.033,0.74,0.0639
INF122,5,79006,2430,41,0.0032,0.1,0.712,0.0787
INF122,6,79710,1611,43,0.0089,0.02,0.715,0.0961
INF122,7,79738,2986,67,0.0003,0.057,0.684,0.0738
INF122,8,80066,1753,46,0.0041,0.064,0.685,0.0728
INF122,9,80783,1795,42,0.009,0.064,0.701,0.0722
INF122,10,81522,2006,61,0.0092,0.052,0.712,0.0822
INF122,11,82029,2299,61,0.0062,0.049,0.65,0.0733
INF122,12,82317,2174,81,0.0035,0.018,0.698,0.0583
INF122,13,83006,2545,57,0.0084,0.062,0.709,0.0713
INF122,14,83071,2344,58,0.0008,0.074,0.737,0.0773
INF122,15,83756,2308,86,0.0082,0.11,0.701,0.0699
INF122,16,84568,2167,73,0.0097,0.008,0.763,0.0732
INF122,17,85444,1817,44,0.0104,0.038,0.755,0.0753
INF122,18,86127,2666,95,0.008,0.048,0.744,0.0651
INF122,19,86806,2414,54,0.0079,0.057,0.731,0.0824
INF122,20,87419,2629,57,0.0071,0.097,0.739,0.0597
INF122,21,88228,1650,27,0.0093,0.116,0.726,0.0977
INF122,22,88485,3438,104,0.0029,0.052,0.769,0.0654
INF122,23,89122,2418,49,0.0072,0.03,0.682,0.0682
INF122,24,90137,2362,58,0.0114,0.034,0.721,0.0903
INF122,25,90876,2057,53,0.0082,0.058,0.673,0.0689
INF122,26,91418,3283,84,0.006,0.058,0.716,0.0849
INF123,1,81817,4731,281,0.0,0.048,0.691,0.0588
INF123,2,82132,3146,288,0.0038,0.087,0.693,0.0643
INF123,3,82859,3663,121,0.0089,0.101,0.691,0.0577
INF123,4,83224,3401,168,0.0044,0.098,0.719,0.0675
INF123,5,83493,2533,153,0.0032,0.099,0.67,0.0832
INF123,6,83796,3229,92,0.0036,0.17,0.681,0.101
INF123,7,84178,2117,99,0.0046,0.136,0.643,0.0779
INF123,8,84544,2516,143,0.0043,0.087,0.733,0.0768
INF123,9,84728,2187,91,0.0022,0.139,0.706,0.0757
INF123,10,85494,2703,142,0.009,0.029,0.72,0.0862
INF123,11,85776,1678,89,0.0033,0.101,0.65,0.0766
INF123,12,86050,2455,94,0.0032,0.112,0.639,0.0609
INF123,13,86710,2914,171,0.0077,0.049,0.684,0.0745
INF123,14,87396,3127,130,0.0079,0.048,0.706,0.0813
INF123,15,87979,2624,106,0.0067,0.095,0.688,0.0734
INF123,16,88260,2218,84,0.0032,0.094,0.704,0.0764
INF123,17,88496,2645,116,0.0027,0.103,0.691,0.078
INF123,18,89293,4450,136,0.009,0.12,0.749,0.0675
INF123,19,89954,2177,81,0.0074,0.078,0.623,0.0854
INF123,20,90535,2642,121,0.0065,0.072,0.67,0.0618
INF123,21,90947,2885,158,0.0045,0.142,0.691,0.1007
INF123,22,91726,2059,144,0.0086,0.118,0.676,0.0678
INF123,23,92105,2308,112,0.0041,0.106,0.692,0.0705
INF123,24,93356,3643,115,0.0136,0.056,0.658,0.0935
INF123,25,93904,2742,116,0.0059,0.094,0.729,0.0712
INF123,26,94759,2615,86,0.0091,0.044,0.724,0.088
INF124,1,109077,2304,40,0.0,0.041,0.554,0.0783
INF124,2,109944,3581,107,0.0079,0.056,0.56,0.0861
INF124,3,111083,3114,81,0.0104,0.007,0.573,0.0774
INF124,4,111391,4554,131,0.0028,0.042,0.597,0.0903
INF124,5,111219,3428,75,-0.0015,0.062,0.615,0.1108
INF124,6,111600,2509,55,0.0034,0.073,0.631,0.1345
INF124,7,112248,2720,52,0.0058,0.045,0.617,0.1038
INF124,8,113075,3757,143,0.0074,0.083,0.603,0.1028
INF124,9,113383,3482,108,0.0027,0.016,0.588,0.1013
INF124,10,113008,4125,88,-0.0033,0.015,0.601,0.114
INF124,11,113771,4650,146,0.0068,0.047,0.638,0.1016
INF124,12,114457,4578,82,0.006,0.094,0.564,0.081
INF124,13,115520,3357,110,0.0093,0.035,0.629,0.0993
INF124,14,116628,4181,207,0.0096,0.049,0.626,0.1086
INF124,15,117030,4231,97,0.0034,0.067,0.619,0.0977
INF124,16,118133,3067,81,0.0094,0.043,0.603,0.1022
INF124,17,118651,6164,147,0.0044,0.061,0.64,0.1045
INF124,18,119615,3036,67,0.0081,0.047,0.662,0.0904
INF124,19,120412,5676,185,0.0067,0.033,0.626,0.1144
INF124,20,121242,3826,179,0.0069,0.048,0.581,0.0828
INF124,21,121006,4622,78,-0.0019,0.053,0.605,0.134
INF124,22,120996,5501,120,-0.0001,0.065,0.627,0.0895
INF124,23,121155,4087,200,0.0013,0.022,0.635,0.0927
INF124,24,121452,3248,54,0.0025,0.02,0.587,0.1217
INF124,25,122210,3753,91,0.0062,0.012,0.625,0.0927
INF124,26,122833,5345,179,0.0051,0.092,0.609,0.1141
INF125,1,165269,8813,299,0.0,0.089,0.652,0.1187
INF125,2,166573,5558,132,0.0079,0.098,0.592,0.1305
INF125,3,168177,6456,154,0.0096,0.125,0.605,0.1172
INF125,4,169234,7579,187,0.0063,0.094,0.615,0.1372
INF125,5,170334,5950,148,0.0065,0.112,0.592,0.1696
INF125,6,172159,4889,158,0.0107,0.117,0.598,0.2075
INF125,7,173071,9398,296,0.0053,0.155,0.668,0.1601
INF125,8,173201,7066,290,0.0008,0.083,0.67,0.1574
INF125,9,174424,11968,419,0.0071,0.196,0.694,0.1559
INF125,10,175763,8047,239,0.0077,0.146,0.579,0.1773
INF125,11,177309,7002,260,0.0088,0.094,0.63,0.1584
INF125,12,179180,10900,378,0.0106,0.089,0.674,0.1269
INF125,13,180576,10766,290,0.0078,0.058,0.613,0.1552
INF125,14,182391,6294,215,0.0101,0.1,0.612,0.1698
INF125,15,183414,6979,177,0.0056,0.065,0.624,0.1531
INF125,16,184599,11574,247,0.0065,0.078,0.646,0.1598
INF125,17,185001,9629,284,0.0022,0.125,0.62,0.163
INF125,18,186594,8777,203,0.0086,0.08,0.598,0.1411
INF125,19,188396,5883,159,0.0097,0.076,0.615,0.1789
INF125,20,188988,6637,228,0.0031,0.097,0.604,0.1291
INF125,21,189449,9943,203,0.0024,0.087,0.663,0.2097
INF125,22,191066,7309,338,0.0085,0.114,0.628,0.1413
INF125,23,192286,7666,130,0.0064,0.02,0.605,0.1472
INF125,24,193362,7962,336,0.0056,0.08,0.643,0.1937
INF125,25,195246,6546,271,0.0097,0.083,0.601,0.1481
INF125,26,197008,8483,265,0.009,0.037,0.625,0.183
INF126,1,50404,2227,88,0.0,0.039,0.548,0.0362
INF126,2,50660,1736,44,0.0051,0.11,0.581,0.0397
INF126,3,50884,2253,114,0.0044,0.045,0.531,0.0355
INF126,4,51202,2961,179,0.0063,0.018,0.572,0.0415
INF126,5,51524,2709,99,0.0063,0.023,0.615,0.0513
INF126,6,52236,2335,100,0.0138,0.091,0.541,0.063
INF126,7,52444,2588,77,0.004,0.04,0.516,0.0485
INF126,8,52701,3077,141,0.0049,0.081,0.568,0.0479
INF126,9,53085,2192,109,0.0073,0.083,0.586,0.0474
INF126,10,53171,2293,63,0.0016,0.03,0.559,0.0536
INF126,11,53147,2361,88,-0.0005,0.059,0.544,0.0475
INF126,12,53451,2711,121,0.0057,0.019,0.648,0.0378
INF126,13,53797,2435,127,0.0065,0.052,0.585,0.0462
INF126,14,54197,2871,111,0.0074,0.057,0.607,0.0504
INF126,15,54540,2691,129,0.0063,0.053,0.57,0.0455
INF126,16,54821,2265,121,0.0052,0.015,0.571,0.0474
INF126,17,54791,1750,100,-0.0006,0.045,0.626,0.0483
INF126,18,55076,2195,72,0.0052,0.093,0.592,0.0416
INF126,19,55600,2374,98,0.0095,0.0,0.595,0.0528
INF126,20,55913,1923,97,0.0056,0.034,0.633,0.0382
INF126,21,56337,2493,83,0.0076,0.034,0.603,0.0624
INF126,22,56637,2159,75,0.0053,0.031,0.545,0.0419
INF126,23,56645,3404,174,0.0001,0.057,0.537,0.0434
INF126,24,57030,1776,84,0.0068,0.026,0.619,0.0571
INF126,25,57249,3256,121,0.0038,0.055,0.541,0.0434
INF126,26,57743,2490,88,0.0086,0.12,0.574,0.0536
INF127,1,90953,1878,46,0.0,0.126,0.556,0.0653
INF127,2,91271,1517,38,0.0035,0.12,0.547,0.0715
INF127,3,92437,2117,100,0.0128,0.21,0.495,0.0644
INF127,4,92729,1748,57,0.0032,0.149,0.528,0.0752
INF127,5,92950,1367,64,0.0024,0.109,0.553,0.0926
INF127,6,93360,2795,149,0.0044,0.12,0.589,0.1125
INF127,7,93977,1152,36,0.0066,0.096,0.571,0.0869
INF127,8,94644,3318,131,0.0071,0.159,0.502,0.086
INF127,9,95380,2914,152,0.0078,0.138,0.574,0.0852
INF127,10,96064,2956,103,0.0072,0.136,0.55,0.0969
INF127,11,96428,2888,82,0.0038,0.122,0.507,0.0861
INF127,12,97644,2561,123,0.0126,0.083,0.548,0.0691
INF127,13,97973,2504,65,0.0034,0.116,0.519,0.0842
INF127,14,98975,1652,66,0.0102,0.116,0.576,0.0921
INF127,15,99388,2866,108,0.0042,0.102,0.577,0.083
INF127,16,100111,1657,80,0.0073,0.121,0.571,0.0866
INF127,17,100799,2355,53,0.0069,0.088,0.523,0.0888
INF127,18,101520,2510,123,0.0072,0.082,0.494,0.0768
INF127,19,102099,2785,78,0.0057,0.144,0.52,0.097
INF127,20,102389,2133,81,0.0028,0.148,0.577,0.0699
INF127,21,102928,2624,75,0.0053,0.081,0.568,0.114
INF127,22,103152,2449,81,0.0022,0.137,0.589,0.0763
INF127,23,103612,2121,88,0.0045,0.114,0.572,0.0793
INF127,24,104608,1777,48,0.0096,0.152,0.573,0.1048
INF127,25,105568,2166,86,0.0092,0.109,0.565,0.0801
INF127,26,106651,2223,92,0.0103,0.148,0.611,0.0991
INF128,1,106077,1924,36,0.0,0.09,0.616,0.0762
INF128,2,106845,3444,52,0.0072,0.099,0.637,0.0837
INF128,3,108586,4261,62,0.0163,0.072,0.555,0.0757
INF128,4,109269,2375,55,0.0063,0.016,0.614,0.0886
INF128,5,109498,4262,82,0.0021,0.074,0.587,0.1091
INF128,6,109935,2028,38,0.004,0.058,0.602,0.1325
INF128,7,110761,2566,59,0.0075,0.156,0.579,0.1025
INF128,8,111702,2152,38,0.0085,0.117,0.586,0.1015
INF128,9,112772,5214,78,0.0096,0.062,0.662,0.1008
INF128,10,113124,8718,125,0.0031,0.105,0.614,0.1141
INF128,11,113188,3051,45,0.0006,0.109,0.588,0.1011
INF128,12,113901,2169,56,0.0063,0.126,0.614,0.0806
INF128,13,114827,3812,158,0.0081,0.084,0.644,0.0987
INF128,14,115922,3685,73,0.0095,0.088,0.615,0.1079
INF128,15,116885,4898,77,0.0083,0.043,0.558,0.0976
INF128,16,117503,3073,51,0.0053,0.092,0.649,0.1017
INF128,17,118132,3316,54,0.0054,0.104,0.573,0.1041
INF128,18,119099,2976,50,0.0082,0.093,0.614,0.0901
INF128,19,119365,1671,50,0.0022,0.105,0.584,0.1134
INF128,20,120056,4569,114,0.0058,0.09,0.589,0.082
INF128,21,121579,2681,52,0.0127,0.049,0.567,0.1346
INF128,22,122037,2727,62,0.0038,0.137,0.594,0.0903
INF128,23,122672,2451,58,0.0052,0.121,0.61,0.0939
INF128,24,122502,2593,55,-0.0014,0.152,0.594,0.1227
INF128,25,123419,5152,125,0.0075,0.072,0.594,0.0936
INF128,26,124135,2833,43,0.0058,0.093,0.611,0.1153
INF129,1,120851,2275,61,0.0,0.119,0.6,0.0868
INF129,2,121103,4452,117,0.0021,0.074,0.672,0.0949
INF129,3,122124,5272,123,0.0084,0.176,0.647,0.0851
INF129,4,122303,3557,146,0.0015,0.075,0.632,0.0992
INF129,5,122431,4209,105,0.001,0.077,0.658,0.1219
INF129,6,123122,2174,62,0.0056,0.162,0.622,0.1484
INF129,7,124057,4317,99,0.0076,0.081,0.669,0.1148
INF129,8,124926,3415,111,0.007,0.113,0.679,0.1135
INF129,9,126108,4520,144,0.0095,0.14,0.692,0.1127
INF129,10,126553,3552,78,0.0035,0.165,0.582,0.1277
INF129,11,128094,5951,160,0.0122,0.083,0.636,0.1144
INF129,12,128932,4157,94,0.0065,0.085,0.619,0.0913
INF129,13,129581,4377,121,0.005,0.105,0.711,0.1114
INF129,14,130140,3330,74,0.0043,0.147,0.618,0.1211
INF129,15,130410,5254,186,0.0021,0.146,0.629,0.1089
INF129,16,131389,4531,125,0.0075,0.092,0.661,0.1137
INF129,17,132931,2346,63,0.0117,0.109,0.672,0.1171
INF129,18,133670,4094,116,0.0056,0.101,0.651,0.1011
INF129,19,134117,6857,284,0.0033,0.099,0.705,0.1274
INF129,20,135054,4157,73,0.007,0.124,0.615,0.0923
INF129,21,135711,4888,192,0.0049,0.037,0.639,0.1502
INF129,22,136472,3729,81,0.0056,0.083,0.636,0.1009
INF129,23,137188,4033,116,0.0052,0.115,0.672,0.105
INF129,24,138460,3478,134,0.0093,0.072,0.592,0.1387
INF129,25,139569,4130,155,0.008,0.087,0.61,0.1058
INF129,26,141145,3938,229,0.0113,0.119,0.655,0.1311
INF130,1,38438,1908,79,0.0,0.113,0.598,0.0276
INF130,2,38752,1796,57,0.0082,0.138,0.528,0.0304
INF130,3,38829,1966,107,0.002,0.141,0.623,0.0271
INF130,4,39077,2056,73,0.0064,0.091,0.623,0.0317
INF130,5,39245,1473,56,0.0043,0.174,0.589,0.0391
INF130,6,39559,1739,90,0.008,0.116,0.626,0.0477
INF130,7,39793,1996,63,0.0059,0.095,0.593,0.0368
INF130,8,39943,3639,150,0.0038,0.119,0.603,0.0363
INF130,9,40230,2937,76,0.0072,0.088,0.563,0.036
INF130,10,40618,1749,82,0.0096,0.094,0.638,0.041
INF130,11,40949,1627,102,0.0081,0.103,0.593,0.0366
INF130,12,41363,2145,57,0.0101,0.174,0.588,0.0293
INF130,13,41693,3079,162,0.008,0.146,0.597,0.0358
INF130,14,41943,1820,58,0.006,0.183,0.623,0.039
INF130,15,42168,2424,65,0.0054,0.101,0.606,0.0352
INF130,16,42444,1857,83,0.0065,0.14,0.672,0.0367
INF130,17,42590,1681,67,0.0034,0.159,0.68,0.0375
INF130,18,42889,1924,47,0.007,0.13,0.609,0.0324
INF130,19,42940,1910,85,0.0012,0.138,0.58,0.0408
INF130,20,43399,1544,95,0.0107,0.096,0.648,0.0296
INF130,21,43596,1785,67,0.0045,0.109,0.626,0.0483
INF130,22,44005,1902,57,0.0094,0.134,0.588,0.0325
INF130,23,44239,1456,42,0.0053,0.159,0.551,0.0339
INF130,24,44500,2614,111,0.0059,0.156,0.647,0.0446
INF130,25,44920,1837,88,0.0094,0.173,0.631,0.0341
INF130,26,45358,2200,89,0.0097,0.158,0.601,0.0421
INF131,1,60982,1685,36,0.0,0.188,0.629,0.0438
INF131,2,61355,1809,73,0.0061,0.2,0.6,0.0481
INF131,3,61777,2624,64,0.0069,0.213,0.667,0.0431
INF131,4,62288,2425,79,0.0083,0.162,0.603,0.0505
INF131,5,62499,1827,54,0.0034,0.209,0.604,0.0622
INF131,6,62763,1631,48,0.0042,0.162,0.623,0.0757
INF131,7,62824,1884,115,0.001,0.204,0.592,0.0581
INF131,8,62989,2008,53,0.0026,0.199,0.655,0.0572
INF131,9,63085,2735,94,0.0015,0.227,0.598,0.0564
INF131,10,63728,2234,44,0.0102,0.19,0.653,0.0643
INF131,11,64123,1563,45,0.0062,0.164,0.647,0.0573
INF131,12,64404,1111,30,0.0044,0.15,0.628,0.0456
INF131,13,64531,2805,76,0.002,0.217,0.594,0.0555
INF131,14,65092,1637,57,0.0087,0.219,0.654,0.0606
INF131,15,65537,2243,61,0.0068,0.192,0.642,0.0547
INF131,16,65792,2554,48,0.0039,0.21,0.571,0.0569
INF131,17,66119,2930,77,0.005,0.211,0.633,0.0582
INF131,18,66733,2860,65,0.0093,0.18,0.663,0.0505
INF131,19,67429,1919,61,0.0104,0.155,0.649,0.064
INF131,20,67564,2121,45,0.002,0.137,0.571,0.0462
INF131,21,68007,2223,52,0.0066,0.153,0.586,0.0753
INF131,22,68544,3960,144,0.0079,0.172,0.657,0.0507
INF131,23,69091,2937,40,0.008,0.176,0.628,0.0529
INF131,24,69188,2106,42,0.0014,0.165,0.608,0.0693
INF131,25,69431,2060,63,0.0035,0.208,0.644,0.0527
INF131,26,69892,1892,39,0.0066,0.183,0.641,0.0649
INF132,1,57653,1825,81,0.0,0.043,0.685,0.0414
INF132,2,57959,2058,103,0.0053,0.057,0.661,0.0454
INF132,3,58056,2018,112,0.0017,0.074,0.681,0.0405
INF132,4,58271,2038,112,0.0037,0.066,0.622,0.0472
INF132,5,58816,1709,90,0.0094,0.078,0.677,0.0586
INF132,6,59025,1958,86,0.0036,0.068,0.647,0.0711
INF132,7,59602,2473,133,0.0098,0.07,0.701,0.0551
INF132,8,60229,1295,60,0.0105,0.059,0.666,0.0547
INF132,9,60546,2334,73,0.0053,0.082,0.679,0.0541
INF132,10,60980,1785,84,0.0072,0.07,0.647,0.0615
INF132,11,61862,1802,81,0.0145,0.123,0.652,0.0553
INF132,12,62136,2319,163,0.0044,0.047,0.65,0.044
INF132,13,62876,1405,85,0.0119,0.02,0.652,0.054
INF132,14,63097,1150,59,0.0035,0.075,0.59,0.0587
INF132,15,63621,1923,98,0.0083,0.098,0.713,0.0531
INF132,16,63820,1327,71,0.0031,0.101,0.638,0.0552
INF132,17,64263,1962,121,0.007,0.094,0.741,0.0566
INF132,18,64679,1679,83,0.0065,0.088,0.611,0.0489
INF132,19,65152,1644,82,0.0073,0.075,0.753,0.0619
INF132,20,65631,1784,98,0.0073,0.051,0.693,0.0448
INF132,21,65796,1911,113,0.0025,0.054,0.633,0.0728
INF132,22,66590,1589,74,0.0121,0.077,0.672,0.0492
INF132,23,67017,2113,82,0.0064,0.04,0.669,0.0513
INF132,24,67335,1228,56,0.0047,0.077,0.739,0.0674
INF132,25,67885,1809,80,0.0082,0.097,0.72,0.0515
INF132,26,68474,1805,83,0.0087,0.121,0.731,0.0636
INF133,1,20953,743,26,0.0,0.244,0.731,0.0151
INF133,2,21127,751,32,0.0083,0.197,0.674,0.0165
INF133,3,21285,703,15,0.0075,0.185,0.767,0.0148
INF133,4,21532,1308,36,0.0116,0.221,0.727,0.0175
INF133,5,21571,1044,35,0.0018,0.203,0.729,0.0215
INF133,6,21716,1193,33,0.0067,0.141,0.724,0.0262
INF133,7,21856,738,21,0.0064,0.148,0.697,0.0202
INF133,8,21949,964,20,0.0043,0.179,0.751,0.0199
INF133,9,22094,886,28,0.0066,0.163,0.802,0.0197
INF133,10,22195,842,21,0.0046,0.197,0.679,0.0224
INF133,11,22324,1011,27,0.0058,0.202,0.747,0.0199
INF133,12,22392,885,24,0.003,0.183,0.771,0.0159
INF133,13,22522,901,25,0.0058,0.181,0.685,0.0194
INF133,14,22663,1164,21,0.0062,0.207,0.703,0.0211
INF133,15,22756,829,22,0.0041,0.19,0.692,0.019
INF133,16,22965,619,20,0.0092,0.213,0.74,0.0199
INF133,17,23048,629,17,0.0036,0.196,0.695,0.0203
INF133,18,23308,593,11,0.0113,0.289,0.713,0.0176
INF133,19,23490,759,12,0.0078,0.148,0.687,0.0223
INF133,20,23601,755,15,0.0047,0.186,0.674,0.0161
INF133,21,23707,1033,20,0.0045,0.208,0.696,0.0262
INF133,22,23885,844,27,0.0075,0.154,0.703,0.0177
INF133,23,24000,624,17,0.0048,0.22,0.715,0.0184
INF133,24,24153,806,20,0.0064,0.215,0.715,0.0242
INF133,25,24270,808,34,0.0048,0.158,0.739,0.0184
INF133,26,24401,931,21,0.0054,0.181,0.686,0.0227
INF134,1,68313,3467,211,0.0,0.144,0.758,0.0491
INF134,2,68600,5173,225,0.0042,0.12,0.769,0.0537
INF134,3,68940,4960,177,0.005,0.07,0.821,0.048
INF134,4,69524,2592,142,0.0085,0.156,0.781,0.0564
INF134,5,69870,5643,249,0.005,0.183,0.768,0.0696
INF134,6,70323,3560,99,0.0065,0.124,0.778,0.0848
INF134,7,70765,4202,197,0.0063,0.071,0.782,0.0655
INF134,8,71362,4273,238,0.0084,0.115,0.788,0.0648
INF134,9,71863,3544,164,0.007,0.056,0.778,0.0642
INF134,10,72266,3667,203,0.0056,0.084,0.755,0.0729
INF134,11,72667,4172,311,0.0056,0.088,0.796,0.0649
INF134,12,73183,4593,142,0.0071,0.198,0.765,0.0518
INF134,13,73491,4749,278,0.0042,0.084,0.749,0.0632
INF134,14,74045,5502,264,0.0075,0.14,0.774,0.0689
INF134,15,74586,5811,342,0.0073,0.134,0.803,0.0623
INF134,16,75228,5138,210,0.0086,0.084,0.732,0.0651
INF134,17,75728,5937,216,0.0066,0.102,0.777,0.0667
INF134,18,76204,2479,64,0.0063,0.124,0.809,0.0576
INF134,19,76561,4139,174,0.0047,0.134,0.747,0.0727
INF134,20,76952,4153,316,0.0051,0.093,0.788,0.0526
INF134,21,77639,4989,180,0.0089,0.117,0.699,0.086
INF134,22,77881,4682,158,0.0031,0.143,0.742,0.0576
INF134,23,78259,3730,198,0.0048,0.167,0.817,0.0599
INF134,24,78618,4199,211,0.0046,0.177,0.787,0.0787
INF134,25,79175,4475,183,0.0071,0.133,0.735,0.06
INF134,26,79220,3176,106,0.0006,0.077,0.792,0.0736
INF135,1,6405,395,15,0.0,0.086,0.666,0.0046
INF135,2,6449,333,5,0.0068,0.159,0.698,0.0051
INF135,3,6505,295,11,0.0086,0.12,0.644,0.0045
INF135,4,6524,385,11,0.003,0.107,0.696,0.0053
INF135,5,6556,457,18,0.0049,0.143,0.7,0.0065
INF135,6,6592,259,6,0.0055,0.113,0.707,0.0079
INF135,7,6637,436,13,0.0067,0.111,0.725,0.0061
INF135,8,6633,440,18,-0.0005,0.106,0.653,0.006
INF135,9,6652,360,8,0.0028,0.088,0.663,0.0059
INF135,10,6676,450,19,0.0036,0.035,0.739,0.0067
INF135,11,6717,358,21,0.0062,0.073,0.641,0.006
INF135,12,6779,413,12,0.0093,0.102,0.673,0.0048
INF135,13,6783,431,16,0.0006,0.164,0.652,0.0058
INF135,14,6863,457,13,0.0117,0.151,0.67,0.0064
INF135,15,6885,443,8,0.0032,0.13,0.71,0.0057
INF135,16,6915,464,21,0.0044,0.105,0.739,0.006
INF135,17,6951,418,14,0.0051,0.11,0.711,0.0061
INF135,18,6972,309,12,0.0031,0.148,0.658,0.0053
INF135,19,6970,333,9,-0.0003,0.104,0.68,0.0066
INF135,20,7005,410,14,0.0049,0.185,0.714,0.0048
INF135,21,7053,350,15,0.0069,0.153,0.697,0.0078
INF135,22,7079,442,13,0.0037,0.175,0.664,0.0052
INF135,23,7135,333,12,0.0079,0.105,0.723,0.0055
INF135,24,7195,331,12,0.0085,0.104,0.603,0.0072
INF135,25,7220,568,22,0.0034,0.108,0.684,0.0055
INF135,26,7284,375,22,0.0089,0.091,0.68,0.0068
INF136,1,78345,2751,129,0.0,0.111,0.802,0.0563
INF136,2,78546,2342,111,0.0026,0.093,0.727,0.0615
INF136,3,78887,3269,147,0.0043,0.11,0.8,0.055
INF136,4,79062,3244,167,0.0022,0.101,0.805,0.0641
INF136,5,79433,3965,186,0.0047,0.087,0.782,0.0791
INF136,6,80156,2660,85,0.0091,0.099,0.762,0.0966
INF136,7,80803,2898,90,0.0081,0.137,0.779,0.0747
INF136,8,81088,3171,215,0.0035,0.07,0.77,0.0737
INF136,9,81633,2896,136,0.0067,0.127,0.746,0.073
INF136,10,81997,1775,72,0.0045,0.139,0.75,0.0827
INF136,11,82992,2892,99,0.0121,0.143,0.777,0.0741
INF136,12,83190,1922,89,0.0024,0.102,0.706,0.0589
INF136,13,83472,1426,60,0.0034,0.064,0.778,0.0717
INF136,14,84020,3149,158,0.0066,0.132,0.756,0.0782
INF136,15,84532,3105,67,0.0061,0.146,0.773,0.0706
INF136,16,85045,3140,108,0.0061,0.084,0.849,0.0736
INF136,17,85567,3199,93,0.0061,0.09,0.798,0.0754
INF136,18,86307,2639,83,0.0087,0.125,0.773,0.0653
INF136,19,87119,2033,70,0.0094,0.154,0.799,0.0827
INF136,20,87664,2368,90,0.0063,0.098,0.764,0.0599
INF136,21,88413,3177,87,0.0085,0.12,0.811,0.0979
INF136,22,88229,3584,104,-0.0021,0.108,0.751,0.0653
INF136,23,88880,2805,116,0.0074,0.113,0.824,0.068
INF136,24,89486,3392,99,0.0068,0.097,0.773,0.0896
INF136,25,90391,2402,98,0.0101,0.07,0.776,0.0685
INF136,26,91001,2827,135,0.0068,0.099,0.797,0.0845
INF137,1,24368,1261,47,0.0,0.164,0.543,0.0175
INF137,2,24486,1149,68,0.0049,0.146,0.481,0.0192
INF137,3,24700,1205,58,0.0087,0.139,0.547,0.0172
INF137,4,24802,1814,108,0.0041,0.164,0.493,0.0201
INF137,5,25027,910,53,0.0091,0.19,0.516,0.0249
INF137,6,25152,1040,22,0.005,0.158,0.51,0.0303
INF137,7,25277,1173,54,0.005,0.153,0.504,0.0234
INF137,8,25368,1269,45,0.0036,0.156,0.541,0.0231
INF137,9,25587,1351,82,0.0086,0.115,0.517,0.0229
INF137,10,25812,1456,72,0.0088,0.169,0.518,0.026
INF137,11,25914,1306,35,0.0039,0.142,0.591,0.0231
INF137,12,26159,1248,65,0.0095,0.183,0.499,0.0185
INF137,13,26267,1818,80,0.0041,0.175,0.501,0.0226
INF137,14,26328,808,32,0.0023,0.158,0.509,0.0245
INF137,15,26400,1531,75,0.0027,0.204,0.518,0.022
INF137,16,26624,1517,39,0.0085,0.22,0.506,0.023
INF137,17,26764,1095,29,0.0052,0.187,0.505,0.0236
INF137,18,26974,1187,52,0.0079,0.127,0.502,0.0204
INF137,19,27111,1713,97,0.0051,0.178,0.506,0.0257
INF137,20,27299,1245,42,0.007,0.179,0.505,0.0186
INF137,21,27510,1119,55,0.0077,0.195,0.483,0.0305
INF137,22,27674,1121,32,0.006,0.168,0.509,0.0205
INF137,23,27810,1372,45,0.0049,0.176,0.482,0.0213
INF137,24,28103,1537,53,0.0106,0.194,0.514,0.0282
INF137,25,28275,1033,30,0.0061,0.201,0.472,0.0214
INF137,26,28492,2060,71,0.0077,0.169,0.537,0.0265
INF138,1,40751,1865,51,0.0,0.112,0.57,0.0293
INF138,2,40882,1815,43,0.0032,0.056,0.556,0.032
INF138,3,41055,2429,111,0.0042,0.071,0.561,0.0286
INF138,4,41496,1871,46,0.0107,0.063,0.6,0.0336
INF138,5,41896,2171,49,0.0096,0.052,0.528,0.0417
INF138,6,42150,2325,60,0.0061,0.111,0.549,0.0508
INF138,7,42515,2116,75,0.0087,0.066,0.517,0.0393
INF138,8,42831,2108,76,0.0074,0.025,0.586,0.0389
INF138,9,43160,1646,30,0.0077,0.095,0.628,0.0386
INF138,10,43416,1822,71,0.0059,0.076,0.533,0.0438
INF138,11,43597,1488,39,0.0042,0.041,0.642,0.0389
INF138,12,43936,2026,59,0.0078,0.059,0.603,0.0311
INF138,13,43995,4389,140,0.0014,0.025,0.568,0.0378
INF138,14,44135,1786,74,0.0032,0.077,0.582,0.0411
INF138,15,44311,1907,51,0.004,0.058,0.638,0.037
INF138,16,44474,2341,81,0.0037,0.041,0.598,0.0385
INF138,17,44774,2468,89,0.0067,0.017,0.578,0.0394
INF138,18,45122,1428,21,0.0078,0.113,0.605,0.0341
INF138,19,45340,2347,102,0.0048,0.107,0.619,0.0431
INF138,20,45686,1537,65,0.0076,0.078,0.605,0.0312
INF138,21,46155,1784,44,0.0103,0.135,0.592,0.0511
INF138,22,46588,2821,71,0.0094,0.068,0.621,0.0345
INF138,23,46743,2388,92,0.0033,0.074,0.575,0.0358
INF138,24,46859,2393,77,0.0025,0.03,0.591,0.0469
INF138,25,46735,1661,39,-0.0027,0.041,0.595,0.0354
INF138,26,47070,3114,94,0.0072,0.075,0.595,0.0437
INF139,1,133145,5381,118,0.0,0.076,0.502,0.0956
INF139,2,133883,5616,103,0.0055,0.083,0.485,0.1049
INF139,3,134176,9233,160,0.0022,0.068,0.556,0.0935
INF139,4,135210,7737,118,0.0077,0.075,0.541,0.1096
INF139,5,136198,3879,103,0.0073,0.105,0.565,0.1356
INF139,6,137455,5203,91,0.0092,0.077,0.512,0.1657
INF139,7,138168,4103,108,0.0052,0.075,0.627,0.1278
INF139,8,139287,6226,192,0.0081,0.04,0.553,0.1266
INF139,9,139845,5450,110,0.004,0.071,0.527,0.125
INF139,10,140463,4328,94,0.0044,0.13,0.515,0.1417
INF139,11,141467,5498,122,0.0071,0.057,0.52,0.1264
INF139,12,142685,5559,79,0.0086,0.11,0.55,0.101
INF139,13,143852,5666,129,0.0082,0.114,0.531,0.1236
INF139,14,144484,5389,129,0.0044,0.097,0.527,0.1345
INF139,15,144835,6025,101,0.0024,0.067,0.516,0.1209
INF139,16,145878,6281,160,0.0072,0.045,0.552,0.1263
INF139,17,147380,7508,185,0.0103,0.095,0.581,0.1298
INF139,18,148664,7065,141,0.0087,0.067,0.557,0.1124
INF139,19,150049,4829,124,0.0093,0.083,0.542,0.1425
INF139,20,151237,5029,100,0.0079,0.081,0.537,0.1033
INF139,21,151859,8263,195,0.0041,0.098,0.508,0.1681
INF139,22,153245,8112,216,0.0091,0.04,0.547,0.1133
INF139,23,154366,7263,246,0.0073,0.099,0.528,0.1182
INF139,24,155788,10173,152,0.0092,0.095,0.509,0.156
INF139,25,157072,6765,142,0.0082,0.062,0.52,0.1191
INF139,26,157525,6880,180,0.0029,0.091,0.537,0.1463
INF140,1,45903,2782,45,0.0,0.15,0.726,0.033
INF140,2,46255,4144,78,0.0077,0.146,0.708,0.0362
INF140,3,46503,3257,60,0.0054,0.12,0.739,0.0324
INF140,4,46764,4256,79,0.0056,0.155,0.705,0.0379
INF140,5,46868,3491,66,0.0022,0.112,0.71,0.0467
INF140,6,47047,3151,72,0.0038,0.192,0.674,0.0567
INF140,7,47270,2870,97,0.0047,0.145,0.689,0.0437
INF140,8,47460,2621,55,0.004,0.144,0.733,0.0431
INF140,9,47718,4277,122,0.0054,0.114,0.754,0.0426
INF140,10,47941,3425,80,0.0047,0.168,0.744,0.0484
INF140,11,48223,3612,49,0.0059,0.142,0.727,0.0431
INF140,12,48305,2987,55,0.0017,0.145,0.701,0.0342
INF140,13,48825,4513,120,0.0108,0.144,0.726,0.042
INF140,14,48999,3896,124,0.0036,0.179,0.734,0.0456
INF140,15,49378,3274,45,0.0077,0.123,0.695,0.0412
INF140,16,49648,4047,142,0.0055,0.144,0.693,0.043
INF140,17,50179,2040,35,0.0107,0.193,0.677,0.0442
INF140,18,50679,3316,65,0.01,0.148,0.737,0.0383
INF140,19,50865,2919,65,0.0037,0.145,0.801,0.0483
INF140,20,51045,2496,54,0.0035,0.161,0.697,0.0349
INF140,21,51517,4988,68,0.0092,0.133,0.718,0.057
INF140,22,51974,2666,46,0.0089,0.11,0.722,0.0384
INF140,23,52094,2840,50,0.0023,0.135,0.73,0.0399
INF140,24,52355,2780,41,0.005,0.197,0.727,0.0524
INF140,25,52636,2736,66,0.0054,0.116,0.736,0.0399
INF140,26,52932,3430,54,0.0056,0.135,0.688,0.0492
INF141,1,88968,4232,172,0.0,0.116,0.63,0.0639
INF141,2,89801,4009,331,0.0094,0.12,0.601,0.0703
INF141,3,90583,6529,474,0.0087,0.086,0.591,0.0631
INF141,4,91350,5379,256,0.0085,0.125,0.67,0.0741
INF141,5,91866,4760,267,0.0057,0.084,0.62,0.0915
INF141,6,92384,4753,273,0.0056,0.11,0.618,0.1114
INF141,7,92389,5329,299,0.0001,0.05,0.584,0.0855
INF141,8,93244,3514,261,0.0093,0.09,0.569,0.0847
INF141,9,94162,3463,183,0.0098,0.1,0.642,0.0842
INF141,10,94560,4150,177,0.0042,0.102,0.655,0.0954
INF141,11,95535,5395,256,0.0103,0.081,0.573,0.0853
INF141,12,96212,6751,295,0.0071,0.123,0.603,0.0681
INF141,13,96392,4033,199,0.0019,0.077,0.583,0.0829
INF141,14,97229,5709,266,0.0087,0.079,0.601,0.0905
INF141,15,97628,8379,309,0.0041,0.118,0.581,0.0815
INF141,16,97912,5335,330,0.0029,0.099,0.547,0.0847
INF141,17,98807,4355,209,0.0091,0.167,0.58,0.087
INF141,18,99538,9239,520,0.0074,0.12,0.654,0.0753
INF141,19,100528,4953,237,0.01,0.068,0.624,0.0955
INF141,20,101404,8915,500,0.0087,0.11,0.628,0.0693
INF141,21,101680,4760,337,0.0027,0.069,0.661,0.1126
INF141,22,102336,7047,457,0.0065,0.125,0.661,0.0757
INF141,23,102550,4773,209,0.0021,0.115,0.599,0.0785
INF141,24,102993,6227,269,0.0043,0.11,0.636,0.1032
INF141,25,103242,3689,237,0.0024,0.062,0.64,0.0783
INF141,26,104544,4797,259,0.0126,0.066,0.624,0.0971
INF142,1,43763,1407,45,0.0,0.131,0.508,0.0314
INF142,2,44022,1403,43,0.0059,0.183,0.471,0.0345
INF142,3,44442,1025,33,0.0096,0.172,0.524,0.031
INF142,4,44605,1008,34,0.0037,0.134,0.488,0.0362
INF142,5,44844,1191,47,0.0054,0.201,0.521,0.0447
INF142,6,45017,1791,66,0.0039,0.17,0.509,0.0543
INF142,7,45337,1054,42,0.0071,0.18,0.525,0.0419
INF142,8,45722,2014,100,0.0085,0.218,0.544,0.0415
INF142,9,45873,1057,40,0.0033,0.188,0.507,0.041
INF142,10,46181,1292,58,0.0067,0.154,0.562,0.0466
INF142,11,46345,1193,50,0.0036,0.171,0.516,0.0414
INF142,12,46705,1434,41,0.0078,0.157,0.511,0.0331
INF142,13,46805,1899,74,0.0021,0.175,0.55,0.0402
INF142,14,47097,1052,48,0.0062,0.204,0.541,0.0438
INF142,15,47502,1472,66,0.0086,0.136,0.469,0.0397
INF142,16,47691,1091,40,0.004,0.249,0.508,0.0413
INF142,17,48013,1657,50,0.0067,0.183,0.444,0.0423
INF142,18,48222,1163,56,0.0043,0.168,0.517,0.0365
INF142,19,48462,1814,68,0.005,0.181,0.5,0.046
INF142,20,48890,1367,63,0.0088,0.22,0.486,0.0334
INF142,21,49129,1173,27,0.0049,0.175,0.506,0.0544
INF142,22,49711,1561,49,0.0118,0.193,0.51,0.0368
INF142,23,49857,1164,50,0.0029,0.172,0.485,0.0382
INF142,24,49985,1376,56,0.0026,0.188,0.471,0.0501
INF142,25,50352,1748,90,0.0074,0.111,0.587,0.0382
INF142,26,50487,1767,82,0.0027,0.198,0.502,0.0469
INF143,1,32429,1899,68,0.0,0.064,0.591,0.0233
INF143,2,32491,1434,69,0.0019,0.131,0.574,0.0255
INF143,3,32469,2180,55,-0.0007,0.144,0.582,0.0226
INF143,4,32681,1545,61,0.0065,0.092,0.566,0.0265
INF143,5,32992,2315,76,0.0095,0.123,0.614,0.0329
INF143,6,33309,2913,132,0.0096,0.092,0.57,0.0402
INF143,7,33547,1369,81,0.0071,0.168,0.562,0.031
INF143,8,33657,2023,89,0.0033,0.117,0.574,0.0306
INF143,9,33774,2913,124,0.0034,0.137,0.66,0.0302
INF143,10,34070,2115,69,0.0088,0.095,0.596,0.0344
INF143,11,34123,2986,116,0.0016,0.136,0.603,0.0305
INF143,12,34380,2208,93,0.0075,0.155,0.573,0.0243
INF143,13,34481,1442,73,0.0029,0.133,0.63,0.0296
INF143,14,34469,1758,43,-0.0003,0.061,0.655,0.0321
INF143,15,34602,1951,91,0.0039,0.117,0.614,0.0289
INF143,16,34941,2461,89,0.0098,0.112,0.581,0.0302
INF143,17,35005,1674,94,0.0018,0.121,0.612,0.0308
INF143,18,35356,2591,98,0.01,0.067,0.598,0.0267
INF143,19,35565,1987,59,0.0059,0.082,0.564,0.0338
INF143,20,35751,1683,73,0.0052,0.098,0.646,0.0244
INF143,21,35903,1752,67,0.0042,0.071,0.577,0.0397
INF143,22,36267,2040,83,0.0101,0.041,0.575,0.0268
INF143,23,36446,1775,43,0.0049,0.11,0.625,0.0279
INF143,24,36778,4083,287,0.0091,0.102,0.499,0.0368
INF143,25,36862,1947,69,0.0023,0.067,0.558,0.028
INF143,26,37033,2503,82,0.0046,0.13,0.577,0.0344
INF144,1,220214,7981,166,0.0,0.158,0.593,0.1582
INF144,2,222947,6144,274,0.0124,0.152,0.61,0.1746
INF144,3,224590,13188,374,0.0074,0.137,0.611,0.1565
INF144,4,225822,9175,294,0.0055,0.138,0.677,0.1831
INF144,5,226986,7190,254,0.0052,0.142,0.572,0.2261
INF144,6,228615,14902,452,0.0072,0.182,0.568,0.2756
INF144,7,230118,8849,292,0.0066,0.198,0.638,0.2129
INF144,8,231238,6324,268,0.0049,0.104,0.602,0.2101
INF144,9,232453,7043,133,0.0053,0.16,0.633,0.2077
INF144,10,234227,13723,374,0.0076,0.152,0.579,0.2363
INF144,11,235372,11187,377,0.0049,0.149,0.607,0.2102
INF144,12,237179,10074,430,0.0077,0.127,0.666,0.1679
INF144,13,237850,11423,354,0.0028,0.134,0.675,0.2044
INF144,14,240136,8025,379,0.0096,0.131,0.574,0.2235
INF144,15,241499,7287,145,0.0057,0.163,0.622,0.2016
INF144,16,242989,13628,367,0.0062,0.136,0.59,0.2103
INF144,17,244493,9831,274,0.0062,0.154,0.632,0.2154
INF144,18,246364,8684,324,0.0077,0.161,0.565,0.1863
INF144,19,249378,8939,129,0.0122,0.125,0.601,0.2368
INF144,20,251081,9267,257,0.0068,0.189,0.634,0.1715
INF144,21,251607,9714,280,0.0021,0.138,0.623,0.2786
INF144,22,253518,8518,360,0.0076,0.167,0.662,0.1875
INF144,23,254461,12675,442,0.0037,0.158,0.644,0.1948
INF144,24,256078,13491,385,0.0064,0.15,0.607,0.2565
INF144,25,256869,9877,504,0.0031,0.08,0.66,0.1948
INF144,26,256674,11531,333,-0.0008,0.133,0.66,0.2385
INF145,1,49508,2524,44,0.0,0.0,0.612,0.0356
INF145,2,49717,2726,88,0.0042,0.021,0.616,0.0389
INF145,3,50018,2124,55,0.0061,0.066,0.622,0.0349
INF145,4,50443,2447,42,0.0085,0.051,0.619,0.0409
INF145,5,50763,2170,63,0.0063,0.1,0.587,0.0506
INF145,6,50864,2942,59,0.002,0.095,0.681,0.0613
INF145,7,51011,2487,57,0.0029,0.084,0.628,0.0472
INF145,8,51349,2894,84,0.0066,0.043,0.639,0.0467
INF145,9,51873,3190,80,0.0102,0.038,0.64,0.0464
INF145,10,52029,2421,26,0.003,0.046,0.606,0.0525
INF145,11,52226,3265,71,0.0038,0.045,0.638,0.0467
INF145,12,52496,3157,71,0.0052,0.022,0.606,0.0372
INF145,13,52609,3742,87,0.0021,0.069,0.682,0.0452
INF145,14,52987,3580,56,0.0072,0.065,0.598,0.0493
INF145,15,53463,2844,92,0.009,0.064,0.652,0.0446
INF145,16,53826,2077,58,0.0068,0.055,0.708,0.0466
INF145,17,54064,2668,77,0.0044,0.059,0.646,0.0476
INF145,18,54311,2823,59,0.0046,0.107,0.577,0.0411
INF145,19,54473,2932,87,0.003,0.023,0.617,0.0517
INF145,20,54820,3528,93,0.0064,0.094,0.66,0.0374
INF145,21,55567,3744,95,0.0136,0.085,0.656,0.0615
INF145,22,55777,3485,67,0.0038,0.012,0.711,0.0413
INF145,23,56449,3580,77,0.012,0.052,0.623,0.0432
INF145,24,56825,2693,59,0.0067,0.075,0.663,0.0569
INF145,25,57221,3099,53,0.007,0.042,0.642,0.0434
INF145,26,57321,4108,80,0.0017,0.064,0.69,0.0533
INF146,1,37936,1072,53,0.0,0.203,0.527,0.0272
INF146,2,38153,1181,44,0.0057,0.174,0.515,0.0299
INF146,3,38322,2112,128,0.0044,0.199,0.55,0.0267
INF146,4,38706,1560,57,0.01,0.184,0.556,0.0314
INF146,5,39005,794,36,0.0077,0.172,0.525,0.0388
INF146,6,39465,877,30,0.0118,0.191,0.449,0.0476
INF146,7,39755,1248,45,0.0074,0.179,0.503,0.0368
INF146,8,39877,1180,51,0.0031,0.164,0.557,0.0362
INF146,9,40054,1744,38,0.0044,0.264,0.502,0.0358
INF146,10,40199,1377,58,0.0036,0.227,0.532,0.0406
INF146,11,40321,1334,47,0.003,0.164,0.547,0.036
INF146,12,40756,1118,36,0.0108,0.219,0.55,0.0289
INF146,13,41150,1082,67,0.0096,0.156,0.517,0.0354
INF146,14,41286,1737,83,0.0033,0.15,0.491,0.0384
INF146,15,41543,1134,77,0.0062,0.17,0.529,0.0347
INF146,16,41747,1606,92,0.0049,0.253,0.506,0.0361
INF146,17,41854,847,29,0.0026,0.203,0.572,0.0369
INF146,18,42122,1309,45,0.0064,0.224,0.499,0.0318
INF146,19,42459,1398,57,0.008,0.141,0.5,0.0403
INF146,20,42412,1053,49,-0.0011,0.185,0.527,0.029
INF146,21,42664,1715,82,0.0059,0.184,0.502,0.0472
INF146,22,43041,1126,52,0.0089,0.209,0.568,0.0318
INF146,23,43149,1494,74,0.0025,0.127,0.562,0.033
INF146,24,43413,1253,48,0.0061,0.125,0.51,0.0435
INF146,25,43665,1086,52,0.0058,0.169,0.554,0.0331
INF146,26,44026,1021,48,0.0083,0.154,0.529,0.0409
INF147,1,94543,3098,64,0.0,0.028,0.484,0.0679
INF147,2,95447,4643,127,0.0096,0.024,0.514,0.0748
INF147,3,96004,3436,131,0.0058,0.046,0.502,0.0669
INF147,4,96227,4298,70,0.0023,0.043,0.497,0.078
INF147,5,97041,3877,73,0.0085,0.092,0.483,0.0966
INF147,6,97810,3432,97,0.0079,0.037,0.498,0.1179
INF147,7,98232,4804,116,0.0043,0.069,0.541,0.0909
INF147,8,98705,3749,117,0.0048,0.032,0.46,0.0897
INF147,9,99336,4162,124,0.0064,0.054,0.475,0.0888
INF147,10,99881,4471,129,0.0055,0.062,0.478,0.1008
INF147,11,100067,5728,153,0.0019,0.054,0.493,0.0894
INF147,12,100544,3098,77,0.0048,0.056,0.569,0.0712
INF147,13,101544,2994,72,0.0099,0.066,0.521,0.0873
INF147,14,101878,8464,238,0.0033,0.06,0.57,0.0948
INF147,15,102521,6800,127,0.0063,0.028,0.497,0.0856
INF147,16,102555,4346,82,0.0003,0.036,0.478,0.0888
INF147,17,103017,4764,96,0.0045,0.026,0.537,0.0908
INF147,18,103435,5860,147,0.0041,0.074,0.532,0.0782
INF147,19,104210,5239,142,0.0075,0.024,0.454,0.099
INF147,20,104971,3713,73,0.0073,0.033,0.491,0.0717
INF147,21,105309,3869,93,0.0032,0.089,0.519,0.1166
INF147,22,106079,4484,92,0.0073,0.0,0.498,0.0785
INF147,23,106854,5443,129,0.0073,0.069,0.487,0.0818
INF147,24,107409,3277,64,0.0052,0.071,0.505,0.1076
INF147,25,107889,3558,87,0.0045,0.064,0.525,0.0818
INF147,26,108534,5394,126,0.006,0.068,0.508,0.1008
INF148,1,66790,3899,113,0.0,0.094,0.727,0.048
INF148,2,67236,2278,58,0.0067,0.042,0.752,0.0527
INF148,3,67568,3444,91,0.0049,0.041,0.71,0.0471
INF148,4,67934,4006,121,0.0054,0.034,0.8,0.0551
INF148,5,68202,2944,59,0.0039,0.085,0.771,0.0679
INF148,6,68238,3535,95,0.0005,0.035,0.794,0.0823
INF148,7,68363,2610,77,0.0018,0.009,0.762,0.0632
INF148,8,68973,2431,67,0.0089,0.053,0.766,0.0627
INF148,9,69513,4912,186,0.0078,0.013,0.817,0.0621
INF148,10,70135,3851,65,0.0089,0.051,0.776,0.0708
INF148,11,70520,1951,45,0.0055,0.057,0.75,0.063
INF148,12,71028,3284,149,0.0072,0.029,0.744,0.0503
INF148,13,71489,4733,150,0.0065,0.032,0.699,0.0614
INF148,14,71992,2907,104,0.007,0.043,0.757,0.067
INF148,15,72337,2424,51,0.0048,0.028,0.736,0.0604
INF148,16,72857,2929,42,0.0072,0.112,0.7,0.0631
INF148,17,73447,2562,99,0.0081,0.061,0.744,0.0647
INF148,18,74072,2489,47,0.0085,0.054,0.748,0.056
INF148,19,74645,2693,61,0.0077,0.033,0.728,0.0709
INF148,20,75363,3825,93,0.0096,0.076,0.799,0.0515
INF148,21,75632,3572,69,0.0036,0.104,0.82,0.0837
INF148,22,76252,3922,83,0.0082,0.109,0.731,0.0564
INF148,23,76654,4153,124,0.0053,0.065,0.771,0.0587
INF148,24,77256,5468,203,0.0078,0.077,0.735,0.0774
INF148,25,77257,3876,113,0.0,0.037,0.758,0.0586
INF148,26,78312,1668,43,0.0136,0.063,0.715,0.0728
INF149,1,97168,3808,181,0.0,0.112,0.769,0.0698
INF149,2,97358,2584,97,0.0019,0.048,0.804,0.0763
INF149,3,97874,4198,191,0.0053,0.104,0.842,0.0682
INF149,4,98519,5335,246,0.0066,0.102,0.801,0.0799
INF149,5,99231,2707,116,0.0072,0.07,0.808,0.0988
INF149,6,99946,5209,144,0.0072,0.176,0.835,0.1205
INF149,7,100763,4099,123,0.0082,0.132,0.858,0.0932
INF149,8,102100,5733,240,0.0133,0.107,0.792,0.0928
INF149,9,103075,1883,46,0.0096,0.146,0.821,0.0921
INF149,10,103234,5945,162,0.0015,0.071,0.808,0.1041
INF149,11,103443,4040,119,0.002,0.046,0.859,0.0924
INF149,12,104279,3400,132,0.0081,0.13,0.834,0.0738
INF149,13,105074,2433,80,0.0076,0.045,0.724,0.0903
INF149,14,105478,4257,128,0.0038,0.113,0.824,0.0982
INF149,15,106361,2531,94,0.0084,0.076,0.779,0.0888
INF149,16,106973,4417,213,0.0058,0.081,0.82,0.0926
INF149,17,107332,3576,112,0.0033,0.068,0.809,0.0946
INF149,18,108355,7023,336,0.0095,0.017,0.787,0.0819
INF149,19,109137,4055,254,0.0072,0.045,0.776,0.1036
INF149,20,109835,6102,222,0.0064,0.092,0.778,0.075
INF149,21,110811,2793,106,0.0089,0.069,0.812,0.1227
INF149,22,112111,6352,138,0.0117,0.073,0.751,0.0829
INF149,23,112617,4530,157,0.0045,0.075,0.814,0.0862
INF149,24,113307,4304,134,0.0061,0.072,0.752,0.1135
INF149,25,113964,4385,114,0.0058,0.024,0.775,0.0864
INF149,26,115013,6825,247,0.0092,0.089,0.767,0.1068
INF150,1,31678,1914,46,0.0,0.111,0.689,0.0228
INF150,2,31948,1110,26,0.0085,0.106,0.725,0.025
INF150,3,32052,1456,31,0.0033,0.135,0.716,0.0223
INF150,4,32199,2161,53,0.0046,0.109,0.731,0.0261
INF150,5,32405,1512,34,0.0064,0.113,0.692,0.0323
INF150,6,32651,2402,65,0.0076,0.059,0.727,0.0394
INF150,7,32903,1964,49,0.0077,0.123,0.698,0.0304
INF150,8,33319,1750,56,0.0126,0.08,0.767,0.0303
INF150,9,33659,1545,53,0.0102,0.091,0.703,0.0301
INF150,10,33795,2396,59,0.004,0.1,0.717,0.0341
INF150,11,34012,1844,44,0.0064,0.149,0.719,0.0304
INF150,12,34351,1580,40,0.01,0.154,0.701,0.0243
INF150,13,34644,2222,70,0.0085,0.051,0.663,0.0298
INF150,14,34768,3695,97,0.0036,0.131,0.681,0.0324
INF150,15,34984,1484,45,0.0062,0.123,0.687,0.0292
INF150,16,35386,2199,73,0.0115,0.139,0.711,0.0306
INF150,17,35369,1776,50,-0.0005,0.128,0.72,0.0312
INF150,18,35576,2197,100,0.0058,0.084,0.706,0.0269
INF150,19,35878,1358,58,0.0085,0.089,0.695,0.0341
INF150,20,36077,2076,71,0.0055,0.077,0.701,0.0246
INF150,21,36256,2968,70,0.005,0.131,0.746,0.0401
INF150,22,36560,1728,55,0.0084,0.091,0.692,0.027
INF150,23,36861,1315,33,0.0082,0.065,0.656,0.0282
INF150,24,36921,2074,61,0.0016,0.062,0.667,0.037
INF150,25,37155,1625,44,0.0063,0.12,0.757,0.0282
INF150,26,37448,1504,43,0.0079,0.0,0.694,0.0348
